Date,CDI
2009-12-30,22.35004
2009-12-31,22.35732
2010-01-04,22.3646
2010-01-05,22.37193
2010-01-06,22.37926
2010-01-07,22.3866
2010-01-08,22.39395
2010-01-11,22.4013
2010-01-12,22.40865
2010-01-13,22.416
2010-01-14,22.42336
2010-01-15,22.43072
2010-01-18,22.43807
2010-01-19,22.44543
2010-01-20,22.45278
2010-01-21,22.46015
2010-01-22,22.46752
2010-01-25,22.47489
2010-01-26,22.48227
2010-01-27,22.48965
2010-01-28,22.49703
2010-01-29,22.50441
2010-02-01,22.5118
2010-02-02,22.5192
2010-02-03,22.52659
2010-02-04,22.53398
2010-02-05,22.54137
2010-02-08,22.54877
2010-02-09,22.55617
2010-02-10,22.56357
2010-02-11,22.57097
2010-02-12,22.57838
2010-02-17,22.58579
2010-02-18,22.5932
2010-02-19,22.60063
2010-02-22,22.60805
2010-02-23,22.61548
2010-02-24,22.62291
2010-02-25,22.63033
2010-02-26,22.63776
2010-03-01,22.64519
2010-03-02,22.65261
2010-03-03,22.66005
2010-03-04,22.66748
2010-03-05,22.67491
2010-03-08,22.68234
2010-03-09,22.689799999999998
2010-03-10,22.69725
2010-03-11,22.70471
2010-03-12,22.71216
2010-03-15,22.7196
2010-03-16,22.72706
2010-03-17,22.73451
2010-03-18,22.74197
2010-03-19,22.74943
2010-03-22,22.75689
2010-03-23,22.76436
2010-03-24,22.77183
2010-03-25,22.7793
2010-03-26,22.78677
2010-03-29,22.79423
2010-03-30,22.80166
2010-03-31,22.80912
2010-04-01,22.8166
2010-04-05,22.82405
2010-04-06,22.83153
2010-04-07,22.83903
2010-04-08,22.84653
2010-04-09,22.85403
2010-04-12,22.86153
2010-04-13,22.86904
2010-04-14,22.87654
2010-04-15,22.88404
2010-04-16,22.89155
2010-04-19,22.899070000000002
2010-04-20,22.9066
2010-04-22,22.91412
2010-04-23,22.92164
2010-04-26,22.92916
2010-04-27,22.93669
2010-04-28,22.94422
2010-04-29,22.95175
2010-04-30,22.95992
2010-05-03,22.96809
2010-05-04,22.97629
2010-05-05,22.98449
2010-05-06,22.99269
2010-05-07,23.00088
2010-05-10,23.00908
2010-05-11,23.01727
2010-05-12,23.02545
2010-05-13,23.03364
2010-05-14,23.04184
2010-05-17,23.05004
2010-05-18,23.05824
2010-05-19,23.06644
2010-05-20,23.07464
2010-05-21,23.08284
2010-05-24,23.09105
2010-05-25,23.09926
2010-05-26,23.10748
2010-05-27,23.1157
2010-05-28,23.12392
2010-05-31,23.13215
2010-06-01,23.14037
2010-06-02,23.14862
2010-06-04,23.15688
2010-06-07,23.16513
2010-06-08,23.17339
2010-06-09,23.18164
2010-06-10,23.18989
2010-06-11,23.19876
2010-06-14,23.20761
2010-06-15,23.21648
2010-06-16,23.22537
2010-06-17,23.23425
2010-06-18,23.24314
2010-06-21,23.25205
2010-06-22,23.26095
2010-06-23,23.26986
2010-06-24,23.27877
2010-06-25,23.28769
2010-06-28,23.29661
2010-06-29,23.30553
2010-06-30,23.31445
2010-07-01,23.32337
2010-07-02,23.33232
2010-07-05,23.34126
2010-07-06,23.35021
2010-07-07,23.35916
2010-07-08,23.36811
2010-07-09,23.37707
2010-07-12,23.38603
2010-07-13,23.395
2010-07-14,23.40396
2010-07-15,23.41293
2010-07-16,23.4219
2010-07-19,23.43088
2010-07-20,23.43986
2010-07-21,23.44884
2010-07-22,23.45783
2010-07-23,23.46724
2010-07-26,23.47666
2010-07-27,23.48608
2010-07-28,23.4955
2010-07-29,23.50492
2010-07-30,23.51435
2010-08-02,23.52377
2010-08-03,23.53322
2010-08-04,23.54267
2010-08-05,23.55211
2010-08-06,23.56157
2010-08-09,23.57102
2010-08-10,23.58048
2010-08-11,23.58994
2010-08-12,23.59941
2010-08-13,23.60888
2010-08-16,23.61836
2010-08-17,23.62784
2010-08-18,23.63732
2010-08-19,23.6468
2010-08-20,23.65628
2010-08-23,23.66576
2010-08-24,23.67525
2010-08-25,23.68475
2010-08-26,23.69425
2010-08-27,23.70375
2010-08-30,23.71326
2010-08-31,23.72276
2010-09-01,23.73227
2010-09-02,23.74178
2010-09-03,23.7513
2010-09-06,23.76082
2010-09-08,23.77033
2010-09-09,23.77985
2010-09-10,23.78939
2010-09-13,23.79893
2010-09-14,23.80846
2010-09-15,23.818
2010-09-16,23.82751
2010-09-17,23.837040000000002
2010-09-20,23.84659
2010-09-21,23.85614
2010-09-22,23.8657
2010-09-23,23.87526
2010-09-24,23.88483
2010-09-27,23.89441
2010-09-28,23.90399
2010-09-29,23.91356
2010-09-30,23.92313
2010-10-01,23.9327
2010-10-04,23.94231
2010-10-05,23.95191
2010-10-06,23.96153
2010-10-07,23.97114
2010-10-08,23.98076
2010-10-11,23.99039
2010-10-13,24.00002
2010-10-14,24.00965
2010-10-15,24.01927
2010-10-18,24.02891
2010-10-19,24.03856
2010-10-20,24.0482
2010-10-21,24.05785
2010-10-22,24.06751
2010-10-25,24.07717
2010-10-26,24.08683
2010-10-27,24.0965
2010-10-28,24.10617
2010-10-29,24.11584
2010-11-01,24.12552
2010-11-03,24.1352
2010-11-04,24.14489
2010-11-05,24.15458
2010-11-08,24.16427
2010-11-09,24.17397
2010-11-10,24.18367
2010-11-11,24.19337
2010-11-12,24.20307
2010-11-16,24.21278
2010-11-17,24.2225
2010-11-18,24.23222
2010-11-19,24.24194
2010-11-22,24.25167
2010-11-23,24.26141
2010-11-24,24.27114
2010-11-25,24.28088
2010-11-26,24.29063
2010-11-29,24.30037
2010-11-30,24.31013
2010-12-01,24.31988
2010-12-02,24.32964
2010-12-03,24.33941
2010-12-06,24.34918
2010-12-07,24.35895
2010-12-08,24.36872
2010-12-09,24.3785
2010-12-10,24.38829
2010-12-13,24.39808
2010-12-14,24.40788
2010-12-15,24.41767
2010-12-16,24.42747
2010-12-17,24.43727
2010-12-20,24.44708
2010-12-21,24.45689
2010-12-22,24.46671
2010-12-23,24.47652
2010-12-24,24.48635
2010-12-27,24.49617
2010-12-28,24.506
2010-12-29,24.51584
2010-12-30,24.52568
2010-12-31,24.535519999999998
2011-01-03,24.54537
2011-01-04,24.55522
2011-01-05,24.56507
2011-01-06,24.57493
2011-01-07,24.58479
2011-01-10,24.59466
2011-01-11,24.60453
2011-01-12,24.6144
2011-01-13,24.62428
2011-01-14,24.63416
2011-01-17,24.64405
2011-01-18,24.65394
2011-01-19,24.66384
2011-01-20,24.67373
2011-01-21,24.68408
2011-01-24,24.69443
2011-01-25,24.70478
2011-01-26,24.71513
2011-01-27,24.7255
2011-01-28,24.73586
2011-01-31,24.74623
2011-02-01,24.75661
2011-02-02,24.76698
2011-02-03,24.77737
2011-02-04,24.78775
2011-02-07,24.79815
2011-02-08,24.80854
2011-02-09,24.81894
2011-02-10,24.82935
2011-02-11,24.83976
2011-02-14,24.85018
2011-02-15,24.8606
2011-02-16,24.87103
2011-02-17,24.88147
2011-02-18,24.89191
2011-02-21,24.90236
2011-02-22,24.91282
2011-02-23,24.92328
2011-02-24,24.93375
2011-02-25,24.94422
2011-02-28,24.95469
2011-03-01,24.96516
2011-03-02,24.97565
2011-03-03,24.98613
2011-03-04,24.99705
2011-03-09,25.00798
2011-03-10,25.01891
2011-03-11,25.02984
2011-03-14,25.04078
2011-03-15,25.05173
2011-03-16,25.06268
2011-03-17,25.07364
2011-03-18,25.0846
2011-03-21,25.09557
2011-03-22,25.10654
2011-03-23,25.11751
2011-03-24,25.1285
2011-03-25,25.13949
2011-03-28,25.15049
2011-03-29,25.1615
2011-03-30,25.17251
2011-03-31,25.18353
2011-04-01,25.19456
2011-04-04,25.20559
2011-04-05,25.21663
2011-04-06,25.22766
2011-04-07,25.23868
2011-04-08,25.24972
2011-04-11,25.26076
2011-04-12,25.2718
2011-04-13,25.28283
2011-04-14,25.29389
2011-04-15,25.30496
2011-04-18,25.31604
2011-04-19,25.32715
2011-04-20,25.33824
2011-04-25,25.34931
2011-04-26,25.3606
2011-04-27,25.37191
2011-04-28,25.38323
2011-04-29,25.39454
2011-05-02,25.40589
2011-05-03,25.41722
2011-05-04,25.42857
2011-05-05,25.43992
2011-05-06,25.45127
2011-05-09,25.46263
2011-05-10,25.47398
2011-05-11,25.48534
2011-05-12,25.4967
2011-05-13,25.50805
2011-05-16,25.5194
2011-05-17,25.53076
2011-05-18,25.54213
2011-05-19,25.55351
2011-05-20,25.5649
2011-05-23,25.57631
2011-05-24,25.58772
2011-05-25,25.59913
2011-05-26,25.61055
2011-05-27,25.62196
2011-05-30,25.63338
2011-05-31,25.6448
2011-06-01,25.6562
2011-06-02,25.66766
2011-06-03,25.67911
2011-06-06,25.69056
2011-06-07,25.70203
2011-06-08,25.71349
2011-06-09,25.72495
2011-06-10,25.73659
2011-06-13,25.74825
2011-06-14,25.75989
2011-06-15,25.77153
2011-06-16,25.78324
2011-06-17,25.79496
2011-06-20,25.80668
2011-06-21,25.8184
2011-06-22,25.83014
2011-06-24,25.84188
2011-06-27,25.85361
2011-06-28,25.86535
2011-06-29,25.87709
2011-06-30,25.88884
2011-07-01,25.90062
2011-07-04,25.91241
2011-07-05,25.9242
2011-07-06,25.93601
2011-07-07,25.94781
2011-07-08,25.95963
2011-07-11,25.97144
2011-07-12,25.98326
2011-07-13,25.99508
2011-07-14,26.00693
2011-07-15,26.01877
2011-07-18,26.03062
2011-07-19,26.04248
2011-07-20,26.05433
2011-07-21,26.06619
2011-07-22,26.07829
2011-07-25,26.09038
2011-07-26,26.1025
2011-07-27,26.11461
2011-07-28,26.12673
2011-07-29,26.13885
2011-08-01,26.15098
2011-08-02,26.16312
2011-08-03,26.17526
2011-08-04,26.1874
2011-08-05,26.19955
2011-08-08,26.21171
2011-08-09,26.22387
2011-08-10,26.23604
2011-08-11,26.24821
2011-08-12,26.26039
2011-08-15,26.27257
2011-08-16,26.28476
2011-08-17,26.29696
2011-08-18,26.30916
2011-08-19,26.32135
2011-08-22,26.33357
2011-08-23,26.34578
2011-08-24,26.358
2011-08-25,26.37023
2011-08-26,26.38245
2011-08-29,26.39469
2011-08-30,26.40692
2011-08-31,26.41916
2011-09-01,26.43141
2011-09-02,26.44319
2011-09-05,26.45497
2011-09-06,26.46676
2011-09-08,26.47855
2011-09-09,26.49035
2011-09-12,26.50215
2011-09-13,26.51396
2011-09-14,26.52578
2011-09-15,26.53759
2011-09-16,26.54942
2011-09-19,26.56125
2011-09-20,26.57307
2011-09-21,26.5849
2011-09-22,26.59675
2011-09-23,26.6086
2011-09-26,26.620449999999998
2011-09-27,26.63232
2011-09-28,26.64418
2011-09-29,26.65605
2011-09-30,26.66793
2011-10-03,26.67981
2011-10-04,26.69171
2011-10-05,26.7036
2011-10-06,26.7155
2011-10-07,26.7274
2011-10-10,26.73931
2011-10-11,26.75123
2011-10-13,26.76315
2011-10-14,26.77506
2011-10-17,26.78698
2011-10-18,26.79891
2011-10-19,26.81084
2011-10-20,26.82278
2011-10-21,26.83427
2011-10-24,26.84576
2011-10-25,26.85725
2011-10-26,26.86875
2011-10-27,26.88025
2011-10-28,26.89176
2011-10-31,26.90327
2011-11-01,26.91479
2011-11-03,26.92632
2011-11-04,26.93785
2011-11-07,26.94939
2011-11-08,26.96095
2011-11-09,26.9725
2011-11-10,26.98404
2011-11-11,26.99557
2011-11-14,27.00711
2011-11-16,27.01863
2011-11-17,27.03017
2011-11-18,27.04172
2011-11-21,27.05327
2011-11-22,27.06485
2011-11-23,27.07642
2011-11-24,27.08801
2011-11-25,27.09959
2011-11-28,27.11117
2011-11-29,27.12274
2011-11-30,27.1343
2011-12-01,27.14589
2011-12-02,27.15701
2011-12-05,27.16814
2011-12-06,27.17929
2011-12-07,27.19043
2011-12-08,27.20156
2011-12-09,27.21268
2011-12-12,27.22379
2011-12-13,27.23489
2011-12-14,27.24601
2011-12-15,27.25715
2011-12-16,27.26832
2011-12-19,27.2795
2011-12-20,27.29069
2011-12-21,27.3019
2011-12-22,27.3131
2011-12-23,27.32429
2011-12-26,27.33549
2011-12-27,27.34667
2011-12-28,27.35786
2011-12-29,27.36905
2011-12-30,27.38025
2012-01-02,27.391469999999998
2012-01-03,27.40271
2012-01-04,27.41394
2012-01-05,27.42518
2012-01-06,27.43639
2012-01-09,27.44762
2012-01-10,27.45881
2012-01-11,27.47001
2012-01-12,27.48122
2012-01-13,27.49241
2012-01-16,27.50362
2012-01-17,27.51484
2012-01-18,27.52605
2012-01-19,27.53725
2012-01-20,27.54798
2012-01-23,27.55872
2012-01-24,27.56946
2012-01-25,27.58022
2012-01-26,27.59098
2012-01-27,27.60172
2012-01-30,27.61246
2012-01-31,27.62321
2012-02-01,27.63396
2012-02-02,27.64472
2012-02-03,27.65547
2012-02-06,27.66625
2012-02-07,27.67702
2012-02-08,27.68779
2012-02-09,27.69855
2012-02-10,27.70933
2012-02-13,27.72011
2012-02-14,27.73088
2012-02-15,27.74166
2012-02-16,27.75244
2012-02-17,27.76322
2012-02-22,27.77404
2012-02-23,27.78484
2012-02-24,27.79564
2012-02-27,27.80647
2012-02-28,27.8173
2012-02-29,27.8281
2012-03-01,27.8389
2012-03-02,27.8497
2012-03-05,27.86049
2012-03-06,27.8713
2012-03-07,27.88209
2012-03-08,27.89286
2012-03-09,27.90294
2012-03-12,27.913
2012-03-13,27.92303
2012-03-14,27.93305
2012-03-15,27.94306
2012-03-16,27.95307
2012-03-19,27.96313
2012-03-20,27.97318
2012-03-21,27.98324
2012-03-22,27.9933
2012-03-23,28.00336
2012-03-26,28.01347
2012-03-27,28.02355
2012-03-28,28.03363
2012-03-29,28.04371
2012-03-30,28.05379
2012-04-02,28.06392
2012-04-03,28.07403
2012-04-04,28.08414
2012-04-05,28.09429
2012-04-09,28.10443
2012-04-10,28.11455
2012-04-11,28.1247
2012-04-12,28.13482
2012-04-13,28.14493
2012-04-16,28.15505
2012-04-17,28.16516
2012-04-18,28.17526
2012-04-19,28.18538
2012-04-20,28.19473
2012-04-23,28.2041
2012-04-24,28.21351
2012-04-25,28.22287
2012-04-26,28.23224
2012-04-27,28.2416
2012-04-30,28.25099
2012-05-02,28.26034
2012-05-03,28.26976
2012-05-04,28.27918
2012-05-07,28.28855
2012-05-08,28.29793
2012-05-09,28.30729
2012-05-10,28.31665
2012-05-11,28.32601
2012-05-14,28.33536
2012-05-15,28.34467
2012-05-16,28.35408
2012-05-17,28.3635
2012-05-18,28.37293
2012-05-21,28.38239
2012-05-22,28.39181
2012-05-23,28.40129
2012-05-24,28.41077
2012-05-25,28.42026
2012-05-28,28.42977
2012-05-29,28.43926
2012-05-30,28.44877
2012-05-31,28.45831
2012-06-01,28.46734
2012-06-04,28.47639
2012-06-05,28.48546
2012-06-06,28.49453
2012-06-08,28.50357
2012-06-11,28.51266
2012-06-12,28.5217
2012-06-13,28.53077
2012-06-14,28.53985
2012-06-15,28.54892
2012-06-18,28.55798
2012-06-19,28.56707
2012-06-20,28.57613
2012-06-21,28.58524
2012-06-22,28.59437
2012-06-25,28.60349
2012-06-26,28.61262
2012-06-27,28.62173
2012-06-28,28.63086
2012-06-29,28.63998
2012-07-02,28.64913
2012-07-03,28.65826
2012-07-04,28.66739
2012-07-05,28.67654
2012-07-06,28.685670000000002
2012-07-09,28.69479
2012-07-10,28.70394
2012-07-11,28.71304
2012-07-12,28.72213
2012-07-13,28.73074
2012-07-16,28.73934
2012-07-17,28.74796
2012-07-18,28.75655
2012-07-19,28.76512
2012-07-20,28.77373
2012-07-23,28.78235
2012-07-24,28.79097
2012-07-25,28.79957
2012-07-26,28.8082
2012-07-27,28.8168
2012-07-30,28.82538
2012-07-31,28.834
2012-08-01,28.84263
2012-08-02,28.85126
2012-08-03,28.85988
2012-08-06,28.86852
2012-08-07,28.87714
2012-08-08,28.88577
2012-08-09,28.8944
2012-08-10,28.90304
2012-08-13,28.91167
2012-08-14,28.92029
2012-08-15,28.92895
2012-08-16,28.9376
2012-08-17,28.94625
2012-08-20,28.95492
2012-08-21,28.9636
2012-08-22,28.97226
2012-08-23,28.98091
2012-08-24,28.98956
2012-08-27,28.99822
2012-08-28,29.0069
2012-08-29,29.01557
2012-08-30,29.02424
2012-08-31,29.03245
2012-09-03,29.04065
2012-09-04,29.04889
2012-09-05,29.05711
2012-09-06,29.06533
2012-09-10,29.07355
2012-09-11,29.08177
2012-09-12,29.08998
2012-09-13,29.09818
2012-09-14,29.10638
2012-09-17,29.11457
2012-09-18,29.12276
2012-09-19,29.13093
2012-09-20,29.13911
2012-09-21,29.14731
2012-09-24,29.15552
2012-09-25,29.16373
2012-09-26,29.17197
2012-09-27,29.1802
2012-09-28,29.18843
2012-10-01,29.196649999999998
2012-10-02,29.20488
2012-10-03,29.2131
2012-10-04,29.22134
2012-10-05,29.22957
2012-10-08,29.23781
2012-10-09,29.24605
2012-10-10,29.25428
2012-10-11,29.2625
2012-10-15,29.2704
2012-10-16,29.2783
2012-10-17,29.28622
2012-10-18,29.29415
2012-10-19,29.3021
2012-10-22,29.31006
2012-10-23,29.31806
2012-10-24,29.32606
2012-10-25,29.33408
2012-10-26,29.34207
2012-10-29,29.35005
2012-10-30,29.35802
2012-10-31,29.36598
2012-11-01,29.37396
2012-11-05,29.38197
2012-11-06,29.38999
2012-11-07,29.39801
2012-11-08,29.40605
2012-11-09,29.41404
2012-11-12,29.42204
2012-11-13,29.43001
2012-11-14,29.43798
2012-11-16,29.44595
2012-11-19,29.45391
2012-11-20,29.46186
2012-11-21,29.46978
2012-11-22,29.47768
2012-11-23,29.48569
2012-11-26,29.49374
2012-11-27,29.5018
2012-11-28,29.50986
2012-11-29,29.5179
2012-11-30,29.52591
2012-12-03,29.5339
2012-12-04,29.54191
2012-12-05,29.54992
2012-12-06,29.55792
2012-12-07,29.56591
2012-12-10,29.57389
2012-12-11,29.58184
2012-12-12,29.58975
2012-12-13,29.59767
2012-12-14,29.60556
2012-12-17,29.6134
2012-12-18,29.62123
2012-12-19,29.62904
2012-12-20,29.63682
2012-12-21,29.64462
2012-12-24,29.65243
2012-12-26,29.66025
2012-12-27,29.66811
2012-12-28,29.67596
2012-12-31,29.68382
2013-01-02,29.69168
2013-01-03,29.69957
2013-01-04,29.70745
2013-01-07,29.71535
2013-01-08,29.72324
2013-01-09,29.73112
2013-01-10,29.739
2013-01-11,29.74689
2013-01-14,29.75478
2013-01-15,29.7627
2013-01-16,29.77062
2013-01-17,29.77855
2013-01-18,29.78648
2013-01-21,29.79439
2013-01-22,29.80231
2013-01-23,29.81024
2013-01-24,29.81817
2013-01-25,29.8261
2013-01-28,29.83404
2013-01-29,29.84198
2013-01-30,29.84994
2013-01-31,29.8579
2013-02-01,29.86586
2013-02-04,29.87383
2013-02-05,29.88181
2013-02-06,29.88979
2013-02-07,29.89777
2013-02-08,29.90574
2013-02-13,29.91372
2013-02-14,29.92169
2013-02-15,29.92966
2013-02-18,29.93763
2013-02-19,29.9456
2013-02-20,29.95357
2013-02-21,29.96155
2013-02-22,29.96954
2013-02-25,29.97755
2013-02-26,29.9856
2013-02-27,29.99363
2013-02-28,30.00166
2013-03-01,30.00969
2013-03-04,30.01773
2013-03-05,30.02578
2013-03-06,30.03383
2013-03-07,30.04188
2013-03-08,30.04994
2013-03-11,30.05799
2013-03-12,30.06606
2013-03-13,30.07412
2013-03-14,30.08218
2013-03-15,30.09025
2013-03-18,30.09832
2013-03-19,30.10639
2013-03-20,30.11446
2013-03-21,30.12254
2013-03-22,30.13061
2013-03-25,30.13869
2013-03-26,30.14677
2013-03-27,30.15486
2013-03-28,30.16294
2013-04-01,30.17105
2013-04-02,30.17918
2013-04-03,30.18731
2013-04-04,30.19542
2013-04-05,30.20354
2013-04-08,30.21166
2013-04-09,30.21979
2013-04-10,30.22791
2013-04-11,30.23604
2013-04-12,30.24417
2013-04-15,30.2523
2013-04-16,30.26044
2013-04-17,30.26856
2013-04-18,30.27669
2013-04-19,30.28509
2013-04-22,30.29349
2013-04-23,30.3019
2013-04-24,30.3103
2013-04-25,30.31871
2013-04-26,30.32712
2013-04-29,30.33552
2013-04-30,30.34393
2013-05-02,30.35233
2013-05-03,30.36074
2013-05-06,30.36916
2013-05-07,30.377580000000002
2013-05-08,30.38601
2013-05-09,30.39443
2013-05-10,30.40286
2013-05-13,30.41128
2013-05-14,30.41969
2013-05-15,30.42811
2013-05-16,30.43653
2013-05-17,30.44495
2013-05-20,30.45337
2013-05-21,30.4618
2013-05-22,30.47023
2013-05-23,30.47866
2013-05-24,30.48709
2013-05-27,30.49553
2013-05-28,30.50397
2013-05-29,30.51241
2013-05-31,30.52085
2013-06-03,30.52986
2013-06-04,30.53887
2013-06-05,30.54788
2013-06-06,30.55689
2013-06-07,30.56591
2013-06-10,30.57494
2013-06-11,30.58396
2013-06-12,30.59299
2013-06-13,30.60201
2013-06-14,30.61105
2013-06-17,30.62008
2013-06-18,30.62912
2013-06-19,30.63816
2013-06-20,30.6472
2013-06-21,30.65625
2013-06-24,30.66529
2013-06-25,30.67435
2013-06-26,30.6834
2013-06-27,30.69245
2013-06-28,30.70151
2013-07-01,30.71057
2013-07-02,30.71964
2013-07-03,30.7287
2013-07-04,30.73777
2013-07-05,30.74685
2013-07-08,30.75592
2013-07-09,30.765
2013-07-10,30.77408
2013-07-11,30.78316
2013-07-12,30.79281
2013-07-15,30.80247
2013-07-16,30.81212
2013-07-17,30.82178
2013-07-18,30.83145
2013-07-19,30.84111
2013-07-22,30.85078
2013-07-23,30.86046
2013-07-24,30.87013
2013-07-25,30.87981
2013-07-26,30.88949
2013-07-29,30.89918
2013-07-30,30.90886
2013-07-31,30.91856
2013-08-01,30.92825
2013-08-02,30.93796
2013-08-05,30.94767
2013-08-06,30.95737
2013-08-07,30.96708
2013-08-08,30.97679
2013-08-09,30.9865
2013-08-12,30.99621
2013-08-13,31.00593
2013-08-14,31.01565
2013-08-15,31.02538
2013-08-16,31.0351
2013-08-19,31.04484
2013-08-20,31.05457
2013-08-21,31.06431
2013-08-22,31.07405
2013-08-23,31.08379
2013-08-26,31.09353
2013-08-27,31.10328
2013-08-28,31.11304
2013-08-29,31.12279
2013-08-30,31.13312
2013-09-02,31.14345
2013-09-03,31.15378
2013-09-04,31.16412
2013-09-05,31.17446
2013-09-06,31.1848
2013-09-09,31.19515
2013-09-10,31.2055
2013-09-11,31.21586
2013-09-12,31.22622
2013-09-13,31.23658
2013-09-16,31.24694
2013-09-17,31.25731
2013-09-18,31.26768
2013-09-19,31.27806
2013-09-20,31.28842
2013-09-23,31.29878
2013-09-24,31.30915
2013-09-25,31.31951
2013-09-26,31.33001
2013-09-27,31.3404
2013-09-30,31.35079
2013-10-01,31.36118
2013-10-02,31.37158
2013-10-03,31.38197
2013-10-04,31.39235
2013-10-07,31.4029
2013-10-08,31.41342
2013-10-09,31.42395
2013-10-10,31.43452
2013-10-11,31.44569
2013-10-14,31.45681
2013-10-15,31.46797
2013-10-16,31.47913
2013-10-17,31.4903
2013-10-18,31.50147
2013-10-21,31.51261
2013-10-22,31.523789999999998
2013-10-23,31.53498
2013-10-24,31.54613
2013-10-25,31.55729
2013-10-28,31.56845
2013-10-29,31.57961
2013-10-30,31.59078
2013-10-31,31.60195
2013-11-01,31.613129999999998
2013-11-04,31.62431
2013-11-05,31.63545
2013-11-06,31.64659
2013-11-07,31.65774
2013-11-08,31.66889
2013-11-11,31.680039999999998
2013-11-12,31.6912
2013-11-13,31.70236
2013-11-14,31.71353
2013-11-18,31.7247
2013-11-19,31.73587
2013-11-20,31.74705
2013-11-21,31.75823
2013-11-22,31.76942
2013-11-25,31.78061
2013-11-26,31.7918
2013-11-27,31.803
2013-11-28,31.8142
2013-11-29,31.82597
2013-12-02,31.83775
2013-12-03,31.84953
2013-12-04,31.86131
2013-12-05,31.8731
2013-12-06,31.88489
2013-12-09,31.89668
2013-12-10,31.90857
2013-12-11,31.92038
2013-12-12,31.93219
2013-12-13,31.944
2013-12-16,31.95582
2013-12-17,31.96773
2013-12-18,31.97956
2013-12-19,31.99139
2013-12-20,32.00323
2013-12-23,32.01507
2013-12-24,32.02692
2013-12-26,32.03876
2013-12-27,32.05062
2013-12-30,32.06248
2013-12-31,32.07434
2014-01-02,32.0862
2014-01-03,32.09808
2014-01-06,32.10995
2014-01-07,32.12183
2014-01-08,32.13372
2014-01-09,32.14561
2014-01-10,32.1575
2014-01-13,32.1694
2014-01-14,32.1813
2014-01-15,32.19321
2014-01-16,32.20512
2014-01-17,32.21761
2014-01-20,32.23019
2014-01-21,32.24279
2014-01-22,32.2554
2014-01-23,32.26791
2014-01-24,32.28043
2014-01-27,32.29296
2014-01-28,32.30549
2014-01-29,32.31802
2014-01-30,32.33056
2014-01-31,32.34311
2014-02-03,32.35566
2014-02-04,32.36821
2014-02-05,32.38079
2014-02-06,32.39338
2014-02-07,32.40598
2014-02-10,32.41858
2014-02-11,32.43118
2014-02-12,32.44378
2014-02-13,32.45639
2014-02-14,32.46901
2014-02-17,32.48164
2014-02-18,32.49426
2014-02-19,32.50689
2014-02-20,32.51953
2014-02-21,32.53217
2014-02-24,32.54482
2014-02-25,32.55747
2014-02-26,32.57013
2014-02-27,32.58286
2014-02-28,32.59587
2014-03-05,32.6089
2014-03-06,32.62188
2014-03-07,32.63486
2014-03-10,32.64786
2014-03-11,32.66085
2014-03-12,32.67385
2014-03-13,32.68686
2014-03-14,32.69987
2014-03-17,32.71289
2014-03-18,32.72592
2014-03-19,32.73895
2014-03-20,32.75203
2014-03-21,32.76511
2014-03-24,32.7782
2014-03-25,32.791290000000004
2014-03-26,32.80439
2014-03-27,32.8175
2014-03-28,32.83057
2014-03-31,32.84364
2014-04-01,32.85671
2014-04-02,32.86979
2014-04-03,32.88287
2014-04-04,32.89626
2014-04-07,32.90965
2014-04-08,32.92305
2014-04-09,32.93645
2014-04-10,32.94986
2014-04-11,32.96327
2014-04-14,32.97668
2014-04-15,32.99011
2014-04-16,33.00354
2014-04-17,33.01697
2014-04-22,33.03041
2014-04-23,33.04385
2014-04-24,33.0573
2014-04-25,33.07076
2014-04-28,33.08422
2014-04-29,33.09769
2014-04-30,33.11116
2014-05-02,33.12464
2014-05-05,33.13812
2014-05-06,33.15161
2014-05-07,33.16511
2014-05-08,33.17861
2014-05-09,33.19211
2014-05-12,33.20562
2014-05-13,33.21914
2014-05-14,33.23266
2014-05-15,33.24619
2014-05-16,33.25972
2014-05-19,33.27326
2014-05-20,33.2868
2014-05-21,33.30035
2014-05-22,33.31391
2014-05-23,33.32747
2014-05-26,33.34103
2014-05-27,33.35461
2014-05-28,33.36818
2014-05-29,33.38176
2014-05-30,33.39535
2014-06-02,33.40895
2014-06-03,33.42255
2014-06-04,33.43615
2014-06-05,33.44976
2014-06-06,33.46338
2014-06-09,33.477
2014-06-10,33.49067
2014-06-11,33.50431
2014-06-12,33.51794
2014-06-13,33.53159
2014-06-16,33.54523
2014-06-17,33.55889
2014-06-18,33.57255
2014-06-20,33.58622
2014-06-23,33.59989
2014-06-24,33.61356
2014-06-25,33.62725
2014-06-26,33.64093
2014-06-27,33.65463
2014-06-30,33.66833
2014-07-01,33.68203
2014-07-02,33.69574
2014-07-03,33.70946
2014-07-04,33.72318
2014-07-07,33.73691
2014-07-08,33.75064
2014-07-09,33.76438
2014-07-10,33.77812
2014-07-11,33.79187
2014-07-14,33.80563
2014-07-15,33.81939
2014-07-16,33.83315
2014-07-17,33.84692
2014-07-18,33.8607
2014-07-21,33.87449
2014-07-22,33.88827
2014-07-23,33.90207
2014-07-24,33.91587
2014-07-25,33.92967
2014-07-28,33.94349
2014-07-29,33.957300000000004
2014-07-30,33.97112
2014-07-31,33.98495
2014-08-01,33.99878
2014-08-04,34.01262
2014-08-05,34.02648
2014-08-06,34.04034
2014-08-07,34.05421
2014-08-08,34.06808
2014-08-11,34.08197
2014-08-12,34.09585
2014-08-13,34.10974
2014-08-14,34.12364
2014-08-15,34.13754
2014-08-18,34.15146
2014-08-19,34.16537
2014-08-20,34.17929
2014-08-21,34.19326
2014-08-22,34.2072
2014-08-25,34.22113
2014-08-26,34.23512
2014-08-27,34.2491
2014-08-28,34.26305
2014-08-29,34.27705
2014-09-01,34.29101
2014-09-02,34.30499
2014-09-03,34.31896
2014-09-04,34.33294
2014-09-05,34.34693
2014-09-08,34.36092
2014-09-09,34.37492
2014-09-10,34.38893
2014-09-11,34.40297
2014-09-12,34.41699
2014-09-15,34.43101
2014-09-16,34.44504
2014-09-17,34.45907
2014-09-18,34.47311
2014-09-19,34.48716
2014-09-22,34.50121
2014-09-23,34.51526
2014-09-24,34.52936
2014-09-25,34.54347
2014-09-26,34.55758
2014-09-29,34.57166
2014-09-30,34.58574
2014-10-01,34.59983
2014-10-02,34.61393
2014-10-03,34.62803
2014-10-06,34.64214
2014-10-07,34.65625
2014-10-08,34.67041
2014-10-09,34.68457
2014-10-10,34.69874
2014-10-13,34.71291
2014-10-14,34.72705
2014-10-15,34.74124
2014-10-16,34.75539
2014-10-17,34.76959
2014-10-20,34.78379
2014-10-21,34.798
2014-10-22,34.81222
2014-10-23,34.82644
2014-10-24,34.84066
2014-10-27,34.8549
2014-10-28,34.86914
2014-10-29,34.88338
2014-10-30,34.89763
2014-10-31,34.9122
2014-11-03,34.92673
2014-11-04,34.94127
2014-11-05,34.95582
2014-11-06,34.97041
2014-11-07,34.98501
2014-11-10,34.99961
2014-11-11,35.01423
2014-11-12,35.02884
2014-11-13,35.04346
2014-11-14,35.05809
2014-11-17,35.07273
2014-11-18,35.08737
2014-11-19,35.10201
2014-11-20,35.11666
2014-11-21,35.13132
2014-11-24,35.14599
2014-11-25,35.16066
2014-11-26,35.17534
2014-11-27,35.19002
2014-11-28,35.20471
2014-12-01,35.21937
2014-12-02,35.23403
2014-12-03,35.2487
2014-12-04,35.263419999999996
2014-12-05,35.27876
2014-12-08,35.29412
2014-12-09,35.30948
2014-12-10,35.32483
2014-12-11,35.34018
2014-12-12,35.35556
2014-12-15,35.37095
2014-12-16,35.38634
2014-12-17,35.40174
2014-12-18,35.41715
2014-12-19,35.43257
2014-12-22,35.44799
2014-12-23,35.46342
2014-12-24,35.47883
2014-12-26,35.49425
2014-12-29,35.50967
2014-12-30,35.52513
2014-12-31,35.54057
2015-01-02,35.55601
2015-01-05,35.57146
2015-01-06,35.58692
2015-01-07,35.60238
2015-01-08,35.61786
2015-01-09,35.63333
2015-01-12,35.64882
2015-01-13,35.66431
2015-01-14,35.67981
2015-01-15,35.69531
2015-01-16,35.71082
2015-01-19,35.72634
2015-01-20,35.74186
2015-01-21,35.7574
2015-01-22,35.77293
2015-01-23,35.78914
2015-01-26,35.80534
2015-01-27,35.82155
2015-01-28,35.83776
2015-01-29,35.85398
2015-01-30,35.87021
2015-02-02,35.886449999999996
2015-02-03,35.90269
2015-02-04,35.91896
2015-02-05,35.93523
2015-02-06,35.95151
2015-02-09,35.9678
2015-02-10,35.98409
2015-02-11,36.00039
2015-02-12,36.0167
2015-02-13,36.03302
2015-02-18,36.04934
2015-02-19,36.06567
2015-02-20,36.08201
2015-02-23,36.09835
2015-02-24,36.1147
2015-02-25,36.13107
2015-02-26,36.14743
2015-02-27,36.16381
2015-03-02,36.18019
2015-03-03,36.19658
2015-03-04,36.21298
2015-03-05,36.22938
2015-03-06,36.24645
2015-03-09,36.26352
2015-03-10,36.2806
2015-03-11,36.29769
2015-03-12,36.31479
2015-03-13,36.33189
2015-03-16,36.34901
2015-03-17,36.36613
2015-03-18,36.38326
2015-03-19,36.4004
2015-03-20,36.41754
2015-03-23,36.4347
2015-03-24,36.45187
2015-03-25,36.46905
2015-03-26,36.48624
2015-03-27,36.50344
2015-03-30,36.52065
2015-03-31,36.53785
2015-04-01,36.55506
2015-04-02,36.57228
2015-04-06,36.58951
2015-04-07,36.60674
2015-04-08,36.62399
2015-04-09,36.64124
2015-04-10,36.6585
2015-04-13,36.67576
2015-04-14,36.69304
2015-04-15,36.71032
2015-04-16,36.72761
2015-04-17,36.74492
2015-04-20,36.76222
2015-04-22,36.77954
2015-04-23,36.79686
2015-04-24,36.814189999999996
2015-04-27,36.83154
2015-04-28,36.8489
2015-04-29,36.86628
2015-04-30,36.88367
2015-05-04,36.90171
2015-05-05,36.91975
2015-05-06,36.93783
2015-05-07,36.95591
2015-05-08,36.97401
2015-05-11,36.99212
2015-05-12,37.01023
2015-05-13,37.02835
2015-05-14,37.04649
2015-05-15,37.06462
2015-05-18,37.08278
2015-05-19,37.10093
2015-05-20,37.1191
2015-05-21,37.13728
2015-05-22,37.15546
2015-05-25,37.17366
2015-05-26,37.19186
2015-05-27,37.21007
2015-05-28,37.22829
2015-05-29,37.24652
2015-06-01,37.26476
2015-06-02,37.283
2015-06-03,37.30126
2015-06-05,37.31953
2015-06-08,37.33847
2015-06-09,37.35742
2015-06-10,37.37638
2015-06-11,37.39535
2015-06-12,37.41433
2015-06-15,37.43332
2015-06-16,37.45232
2015-06-17,37.47132
2015-06-18,37.49034
2015-06-19,37.50937
2015-06-22,37.5284
2015-06-23,37.54745
2015-06-24,37.56651
2015-06-25,37.58558
2015-06-26,37.60465
2015-06-29,37.62374
2015-06-30,37.642830000000004
2015-07-01,37.66194
2015-07-02,37.68105
2015-07-03,37.70018
2015-07-06,37.71931
2015-07-07,37.73845
2015-07-08,37.75761
2015-07-09,37.77677
2015-07-10,37.79594
2015-07-13,37.81512
2015-07-14,37.83432
2015-07-15,37.85352
2015-07-16,37.87273
2015-07-17,37.89195
2015-07-20,37.91118
2015-07-21,37.93042
2015-07-22,37.94968
2015-07-23,37.96894
2015-07-24,37.9882
2015-07-27,38.00749
2015-07-28,38.02678
2015-07-29,38.04608
2015-07-30,38.06538
2015-07-31,38.08535
2015-08-03,38.10534
2015-08-04,38.12532
2015-08-05,38.14532
2015-08-06,38.16534
2015-08-07,38.18536
2015-08-10,38.20539
2015-08-11,38.22543
2015-08-12,38.24549
2015-08-13,38.26555
2015-08-14,38.28563
2015-08-17,38.30571
2015-08-18,38.32581
2015-08-19,38.34591
2015-08-20,38.36603
2015-08-21,38.38616
2015-08-24,38.4063
2015-08-25,38.42645
2015-08-26,38.4466
2015-08-27,38.46677
2015-08-28,38.48695
2015-08-31,38.50714
2015-09-01,38.52734
2015-09-02,38.54755
2015-09-03,38.56778
2015-09-04,38.58801
2015-09-08,38.60825
2015-09-09,38.62851
2015-09-10,38.64877
2015-09-11,38.66905
2015-09-14,38.68933
2015-09-15,38.70963
2015-09-16,38.72994
2015-09-17,38.75026
2015-09-18,38.77059
2015-09-21,38.79093
2015-09-22,38.81128
2015-09-23,38.83164
2015-09-24,38.85201
2015-09-25,38.87239
2015-09-28,38.89278
2015-09-29,38.91319
2015-09-30,38.9336
2015-10-01,38.95403
2015-10-02,38.97446
2015-10-05,38.99491
2015-10-06,39.01537
2015-10-07,39.03584
2015-10-08,39.05631
2015-10-09,39.0768
2015-10-13,39.0973
2015-10-14,39.11781
2015-10-15,39.13833
2015-10-16,39.15887
2015-10-19,39.17941
2015-10-20,39.19996
2015-10-21,39.22053
2015-10-22,39.2411
2015-10-23,39.2617
2015-10-26,39.28231
2015-10-27,39.30294
2015-10-28,39.32357
2015-10-29,39.34421
2015-10-30,39.36486
2015-11-03,39.38553
2015-11-04,39.40621
2015-11-05,39.4269
2015-11-06,39.44759
2015-11-09,39.4683
2015-11-10,39.48902
2015-11-11,39.50975
2015-11-12,39.53049
2015-11-13,39.55124
2015-11-16,39.57201
2015-11-17,39.59278
2015-11-18,39.61356
2015-11-19,39.63436
2015-11-20,39.65517
2015-11-23,39.67598
2015-11-24,39.69681
2015-11-25,39.71765
2015-11-26,39.7385
2015-11-27,39.75936
2015-11-30,39.78023
2015-12-01,39.80112
2015-12-02,39.82201
2015-12-03,39.84291
2015-12-04,39.86383
2015-12-07,39.88476
2015-12-08,39.9057
2015-12-09,39.92664
2015-12-10,39.94761
2015-12-11,39.96857
2015-12-14,39.98956
2015-12-15,40.01055
2015-12-16,40.03156
2015-12-17,40.05257
2015-12-18,40.0736
2015-12-21,40.09463
2015-12-22,40.11568
2015-12-23,40.13674
2015-12-24,40.15781
2015-12-28,40.17889
2015-12-29,40.19998
2015-12-30,40.22109
2015-12-31,40.2422
2016-01-04,40.26333
2016-01-05,40.28446
2016-01-06,40.30561
2016-01-07,40.32677
2016-01-08,40.34794
2016-01-11,40.36912
2016-01-12,40.39031
2016-01-13,40.41152
2016-01-14,40.43273
2016-01-15,40.45396
2016-01-18,40.47519
2016-01-19,40.49644
2016-01-20,40.5177
2016-01-21,40.53897
2016-01-22,40.56024
2016-01-25,40.58152
2016-01-26,40.60281
2016-01-27,40.62411
2016-01-28,40.64542
2016-01-29,40.66674
2016-02-01,40.68808
2016-02-02,40.70942
2016-02-03,40.73078
2016-02-04,40.75214
2016-02-05,40.77353
2016-02-10,40.79491
2016-02-11,40.81631
2016-02-12,40.83773
2016-02-15,40.85915
2016-02-16,40.88058
2016-02-17,40.90203
2016-02-18,40.92349
2016-02-19,40.94496
2016-02-22,40.96644
2016-02-23,40.98793
2016-02-24,41.00943
2016-02-25,41.03095
2016-02-26,41.05247
2016-02-29,41.07401
2016-03-01,41.09556
2016-03-02,41.11712
2016-03-03,41.13869
2016-03-04,41.16027
2016-03-07,41.18186
2016-03-08,41.20346
2016-03-09,41.22508
2016-03-10,41.24671
2016-03-11,41.26835
2016-03-14,41.29
2016-03-15,41.31166
2016-03-16,41.33333
2016-03-17,41.35501
2016-03-18,41.37671
2016-03-21,41.39842
2016-03-22,41.42014
2016-03-23,41.44186
2016-03-24,41.4636
2016-03-28,41.48536
2016-03-29,41.50712
2016-03-30,41.5289
2016-03-31,41.55068
2016-04-01,41.57248
2016-04-04,41.59429
2016-04-05,41.61611
2016-04-06,41.63794
2016-04-07,41.65979
2016-04-08,41.68164
2016-04-11,41.70351
2016-04-12,41.72539
2016-04-13,41.74728
2016-04-14,41.76918
2016-04-15,41.79109
2016-04-18,41.81301
2016-04-19,41.83495
2016-04-20,41.8569
2016-04-22,41.87885
2016-04-25,41.90083
2016-04-26,41.92281
2016-04-27,41.9448
2016-04-28,41.9668
2016-04-29,41.98882
2016-05-02,42.01085
2016-05-03,42.03289
2016-05-04,42.05494
2016-05-05,42.077
2016-05-06,42.09908
2016-05-09,42.12116
2016-05-10,42.14326
2016-05-11,42.16537
2016-05-12,42.18748
2016-05-13,42.20962
2016-05-16,42.23176
2016-05-17,42.25392
2016-05-18,42.27608
2016-05-19,42.29826
2016-05-20,42.32045
2016-05-23,42.34266
2016-05-24,42.36487
2016-05-25,42.38709
2016-05-27,42.40933
2016-05-30,42.43158
2016-05-31,42.45384
2016-06-01,42.47611
2016-06-02,42.49839
2016-06-03,42.52069
2016-06-06,42.543
2016-06-07,42.56531
2016-06-08,42.58764
2016-06-09,42.60999
2016-06-10,42.63234
2016-06-13,42.65471
2016-06-14,42.67708
2016-06-15,42.69947
2016-06-16,42.72187
2016-06-17,42.74428
2016-06-20,42.76671
2016-06-21,42.78914
2016-06-22,42.81159
2016-06-23,42.83405
2016-06-24,42.85652
2016-06-27,42.87901
2016-06-28,42.9015
2016-06-29,42.924
2016-06-30,42.94652
2016-07-01,42.96906
2016-07-04,42.9916
2016-07-05,43.01415
2016-07-06,43.03672
2016-07-07,43.05929
2016-07-08,43.08188
2016-07-11,43.10448
2016-07-12,43.1271
2016-07-13,43.14972
2016-07-14,43.17236
2016-07-15,43.19501
2016-07-18,43.21767
2016-07-19,43.24034
2016-07-20,43.26302
2016-07-21,43.28572
2016-07-22,43.30843
2016-07-25,43.33115
2016-07-26,43.35388
2016-07-27,43.37663
2016-07-28,43.39938
2016-07-29,43.42215
2016-08-01,43.44493
2016-08-02,43.46772
2016-08-03,43.49052
2016-08-04,43.51334
2016-08-05,43.53617
2016-08-08,43.55901
2016-08-09,43.58186
2016-08-10,43.60472
2016-08-11,43.62759
2016-08-12,43.65048
2016-08-15,43.67338
2016-08-16,43.69629
2016-08-17,43.71922
2016-08-18,43.74215
2016-08-19,43.7651
2016-08-22,43.78806
2016-08-23,43.81103
2016-08-24,43.83401
2016-08-25,43.85701
2016-08-26,43.88002
2016-08-29,43.90304
2016-08-30,43.92607
2016-08-31,43.94912
2016-09-01,43.97217
2016-09-02,43.99524
2016-09-05,44.01832
2016-09-06,44.04141
2016-09-08,44.06452
2016-09-09,44.08764
2016-09-12,44.11076
2016-09-13,44.1339
2016-09-14,44.15705
2016-09-15,44.18022
2016-09-16,44.2034
2016-09-19,44.22659
2016-09-20,44.24979
2016-09-21,44.273
2016-09-22,44.29623
2016-09-23,44.31947
2016-09-26,44.34272
2016-09-27,44.36598
2016-09-28,44.38926
2016-09-29,44.41254
2016-09-30,44.43584
2016-10-03,44.45916
2016-10-04,44.48248
2016-10-05,44.50581
2016-10-06,44.52916
2016-10-07,44.55252
2016-10-10,44.57589
2016-10-11,44.59928
2016-10-13,44.62268
2016-10-14,44.64609
2016-10-17,44.66951
2016-10-18,44.69294
2016-10-19,44.71639
2016-10-20,44.73985
2016-10-21,44.76293
2016-10-24,44.78602
2016-10-25,44.80913
2016-10-26,44.83224
2016-10-27,44.85538
2016-10-28,44.87852
2016-10-31,44.90167
2016-11-01,44.92484
2016-11-03,44.94801
2016-11-04,44.9712
2016-11-07,44.9944
2016-11-08,45.01762
2016-11-09,45.04084
2016-11-10,45.06408
2016-11-11,45.08733
2016-11-14,45.11059
2016-11-16,45.13386
2016-11-17,45.15715
2016-11-18,45.18044
2016-11-21,45.20375
2016-11-22,45.22707
2016-11-23,45.2504
2016-11-24,45.27375
2016-11-25,45.29711
2016-11-28,45.32048
2016-11-29,45.34386
2016-11-30,45.36725
2016-12-01,45.39066
2016-12-02,45.41368
2016-12-05,45.43671
2016-12-06,45.45975
2016-12-07,45.48281
2016-12-08,45.50588
2016-12-09,45.52896
2016-12-12,45.55205
2016-12-13,45.57515
2016-12-14,45.59827
2016-12-15,45.6214
2016-12-16,45.64454
2016-12-19,45.66769
2016-12-20,45.69085
2016-12-21,45.71402
2016-12-22,45.73721
2016-12-23,45.7604
2016-12-26,45.78361
2016-12-27,45.80683
2016-12-28,45.83006
2016-12-29,45.85331
2016-12-30,45.87656
2017-01-02,45.89983
2017-01-03,45.92311
2017-01-04,45.9464
2017-01-05,45.9697
2017-01-06,45.99302
2017-01-09,46.01635
2017-01-10,46.03968
2017-01-11,46.06303
2017-01-12,46.0864
2017-01-13,46.10856
2017-01-16,46.13073
2017-01-17,46.15292
2017-01-18,46.17511
2017-01-19,46.19732
2017-01-20,46.21953
2017-01-23,46.24176
2017-01-24,46.264
2017-01-25,46.28624
2017-01-26,46.3085
2017-01-27,46.33077
2017-01-30,46.35305
2017-01-31,46.37534
2017-02-01,46.39764
2017-02-02,46.41996
2017-02-03,46.44228
2017-02-06,46.46461
2017-02-07,46.48696
2017-02-08,46.50931
2017-02-09,46.53168
2017-02-10,46.55405
2017-02-13,46.57644
2017-02-14,46.59884
2017-02-15,46.62125
2017-02-16,46.64367
2017-02-17,46.6661
2017-02-20,46.68854
2017-02-21,46.71099
2017-02-22,46.73346
2017-02-23,46.75593
2017-02-24,46.77718
2017-03-01,46.79843
2017-03-02,46.8197
2017-03-03,46.84098
2017-03-06,46.86226
2017-03-07,46.88356
2017-03-08,46.90486
2017-03-09,46.92617
2017-03-10,46.9475
2017-03-13,46.96883
2017-03-14,46.99018
2017-03-15,47.01153
2017-03-16,47.03289
2017-03-17,47.05426
2017-03-20,47.07565
2017-03-21,47.09704
2017-03-22,47.11844
2017-03-23,47.13985
2017-03-24,47.16127
2017-03-27,47.1827
2017-03-28,47.20415
2017-03-29,47.2256
2017-03-30,47.24706
2017-03-31,47.26853
2017-04-03,47.29001
2017-04-04,47.3115
2017-04-05,47.333
2017-04-06,47.3545
2017-04-07,47.37602
2017-04-10,47.39755
2017-04-11,47.41909
2017-04-12,47.44064
2017-04-13,47.4622
2017-04-17,47.48208
2017-04-18,47.50196
2017-04-19,47.52186
2017-04-20,47.54177
2017-04-24,47.56168
2017-04-25,47.5816
2017-04-26,47.60153
2017-04-27,47.62147
2017-04-28,47.64142
2017-05-02,47.66137
2017-05-03,47.68134
2017-05-04,47.70131
2017-05-05,47.72129
2017-05-08,47.74128
2017-05-09,47.76127
2017-05-10,47.78128
2017-05-11,47.80129
2017-05-12,47.82132
2017-05-15,47.84134
2017-05-16,47.86138
2017-05-17,47.88143
2017-05-18,47.90149
2017-05-19,47.92155
2017-05-22,47.94162
2017-05-23,47.9617
2017-05-24,47.98179
2017-05-25,48.00189
2017-05-26,48.022
2017-05-29,48.04211
2017-05-30,48.06223
2017-05-31,48.08237
2017-06-01,48.1025
2017-06-02,48.12094
2017-06-05,48.13939
2017-06-06,48.15784
2017-06-07,48.1763
2017-06-08,48.19477
2017-06-09,48.21325
2017-06-12,48.23173
2017-06-13,48.25022
2017-06-14,48.26871
2017-06-16,48.28722
2017-06-19,48.30573
2017-06-20,48.32425
2017-06-21,48.34277
2017-06-22,48.36131
2017-06-23,48.37984
2017-06-26,48.39839
2017-06-27,48.41694
2017-06-28,48.4355
2017-06-29,48.45407
2017-06-30,48.47264
2017-07-03,48.4912262
2017-07-04,48.5098152
2017-07-05,48.5284081
2017-07-06,48.5470123
2017-07-07,48.5656204
2017-07-10,48.58424
2017-07-11,48.6028633
2017-07-12,48.6214943
2017-07-13,48.6401329
2017-07-14,48.6587791
2017-07-17,48.677433
2017-07-18,48.6960907
2017-07-19,48.7147598
2017-07-20,48.7334328
2017-07-21,48.7521133
2017-07-24,48.7708054
2017-07-25,48.7895012
2017-07-26,48.8082008
2017-07-27,48.8269119
2017-07-28,48.8438606
2017-07-31,48.860817
2017-08-01,48.8777771
2017-08-02,48.8947449
2017-08-03,48.9117165
2017-08-04,48.9286957
2017-08-07,48.9456825
2017-08-08,48.9626732
2017-08-09,48.9796677
2017-08-10,48.9966698
2017-08-11,49.0136795
2017-08-14,49.0306931
2017-08-15,49.0477142
2017-08-16,49.0647392
2017-08-17,49.0817719
2017-08-18,49.0988083
2017-08-21,49.1158524
2017-08-22,49.1329002
2017-08-23,49.1499557
2017-08-24,49.1670189
2017-08-25,49.1840858
2017-08-28,49.2011604
2017-08-29,49.2182388
2017-08-30,49.2353249
2017-08-31,49.2524147
2017-09-01,49.2695122
2017-09-04,49.2866135
2017-09-05,49.3037224
2017-09-06,49.3208389
2017-09-08,49.3379593
2017-09-11,49.3532829
2017-09-12,49.3686104
2017-09-13,49.3839455
2017-09-14,49.3992844
2017-09-15,49.4146271
2017-09-18,49.4299736
2017-09-19,49.4453278
2017-09-20,49.4606819
2017-09-21,49.4760437
2017-09-22,49.4914131
2017-09-25,49.5067825
2017-09-26,49.5221596
2017-09-27,49.5375404
2017-09-28,49.5529251
2017-09-29,49.5683174
2017-10-02,49.5837135
2017-10-03,49.5991135
2017-10-04,49.6145172
2017-10-05,49.6299286
2017-10-06,49.6453438
2017-10-09,49.6607628
2017-10-10,49.6761856
2017-10-11,49.6916161
2017-10-13,49.7070503
2017-10-16,49.7224884
2017-10-17,49.7379303
2017-10-18,49.7533798
2017-10-19,49.7688332
2017-10-20,49.7842903
2017-10-23,49.7997513
2017-10-24,49.8152199
2017-10-25,49.8306923
2017-10-26,49.8461685
2017-10-27,49.8602715
2017-10-30,49.874382
2017-10-31,49.8884926
2017-11-01,49.9026108
2017-11-03,49.916729
2017-11-06,49.9308548
2017-11-07,49.9449844
2017-11-08,49.9591141
2017-11-09,49.9732513
2017-11-10,49.9873924
2017-11-13,50.0015373
2017-11-14,50.015686
2017-11-16,50.0298386
2017-11-17,50.0439949
2017-11-20,50.0581551
2017-11-21,50.072319
2017-11-22,50.0864868
2017-11-23,50.1006584
2017-11-24,50.1148376
2017-11-27,50.1290169
2017-11-28,50.1431999
2017-11-29,50.1573906
2017-11-30,50.1715813
2017-12-01,50.1857796
2017-12-04,50.1999779
2017-12-05,50.2141838
2017-12-06,50.2283936
2017-12-07,50.2426071
2017-12-08,50.2558899
2017-12-11,50.2691803
2017-12-12,50.2824745
2017-12-13,50.2957726
2017-12-14,50.3090706
2017-12-15,50.3223763
2017-12-18,50.3356819
2017-12-19,50.3489914
2017-12-20,50.3623085
2017-12-21,50.3756256
2017-12-22,50.3889465
2017-12-26,50.4022713
2017-12-27,50.4155998
2017-12-28,50.4289322
2017-12-29,50.4422684
2018-01-02,50.4556046
2018-01-03,50.4689484
2018-01-04,50.482296
2018-01-05,50.4956436
2018-01-08,50.5089989
2018-01-09,50.5223541
2018-01-10,50.535713200000004
2018-01-11,50.5490761
2018-01-12,50.5624428
2018-01-15,50.5758171
2018-01-16,50.5891914
2018-01-17,50.6025658
2018-01-18,50.6159477
2018-01-19,50.6293335
2018-01-22,50.6427231
2018-01-23,50.6561127
2018-01-24,50.6695099
2018-01-25,50.6829071
2018-01-26,50.696312
2018-01-29,50.7097168
2018-01-30,50.7231255
2018-01-31,50.7365417
2018-02-01,50.749958
2018-02-02,50.7633781
2018-02-05,50.7768021
2018-02-06,50.7902298
2018-02-07,50.8036613
2018-02-08,50.8170929
2018-02-09,50.8300591
2018-02-14,50.843029
2018-02-15,50.8560028
2018-02-16,50.8689766
2018-02-19,50.881958
2018-02-20,50.8949394
2018-02-21,50.9079247
2018-02-22,50.9209137
2018-02-23,50.9339066
2018-02-26,50.9469032
2018-02-27,50.9599037
2018-02-28,50.9729042
2018-03-01,50.9859085
2018-03-02,50.9989204
2018-03-05,51.0119324
2018-03-06,51.0249481
2018-03-07,51.0379677
2018-03-08,51.0509872
2018-03-09,51.0640144
2018-03-12,51.0770416
2018-03-13,51.0900764
2018-03-14,51.1031113
2018-03-15,51.1161499
2018-03-16,51.1291924
2018-03-19,51.1422386
2018-03-20,51.1552887
2018-03-21,51.1683388
2018-03-22,51.1813965
2018-03-23,51.1939774
2018-03-26,51.206562
2018-03-27,51.2191505
2018-03-28,51.2317429
2018-03-29,51.2443352
2018-04-02,51.2569313
2018-04-03,51.2695351
2018-04-04,51.282135
2018-04-05,51.2947426
2018-04-06,51.307354
2018-04-09,51.3199654
2018-04-10,51.3325806
2018-04-11,51.3451996
2018-04-12,51.3578224
2018-04-13,51.3704491
2018-04-16,51.3830757
2018-04-17,51.39571
2018-04-18,51.4083443
2018-04-19,51.4209824
2018-04-20,51.4336205
2018-04-23,51.4462662
2018-04-24,51.4589119
2018-04-25,51.4715614
2018-04-26,51.4842148
2018-04-27,51.4968719
2018-04-30,51.509532899999996
2018-05-02,51.5221939
2018-05-03,51.5348587
2018-05-04,51.5475273
2018-05-07,51.5601997
2018-05-08,51.572876
2018-05-09,51.585556
2018-05-10,51.5982361
2018-05-11,51.61092
2018-05-14,51.6236076
2018-05-15,51.6362991
2018-05-16,51.6489906
2018-05-17,51.6616898
2018-05-18,51.6743889
2018-05-21,51.6870918
2018-05-22,51.6997986
2018-05-23,51.7125092
2018-05-24,51.7252197
2018-05-25,51.7379341
2018-05-28,51.7506561
2018-05-29,51.7633743
2018-05-30,51.7761002
2018-06-01,51.7888298
2018-06-04,51.8015594
2018-06-05,51.8142967
2018-06-06,51.827034
2018-06-07,51.8397713
2018-06-08,51.8525162
2018-06-11,51.8652649
2018-06-12,51.8780136
2018-06-13,51.8907661
2018-06-14,51.9035225
2018-06-15,51.9162827
2018-06-18,51.9290466
2018-06-19,51.9418106
2018-06-20,51.9545784
2018-06-21,51.96735
2018-06-22,51.9801254
2018-06-25,51.9929047
2018-06-26,52.0056877
2018-06-27,52.0184708
2018-06-28,52.0312576
2018-06-29,52.0440483
2018-07-02,52.0568428
2018-07-03,52.0696411
2018-07-04,52.0824394
2018-07-05,52.0952454
2018-07-06,52.1080513
2018-07-09,52.1208611
2018-07-10,52.1336746
2018-07-11,52.1464882
2018-07-12,52.1593094
2018-07-13,52.1721306
2018-07-16,52.1849556
2018-07-17,52.1977844
2018-07-18,52.2106171
2018-07-19,52.2234535
2018-07-20,52.23629
2018-07-23,52.2491302
2018-07-24,52.2619743
2018-07-25,52.2748222
2018-07-26,52.287674
2018-07-27,52.3005295
2018-07-30,52.313385
2018-07-31,52.3262444
2018-08-01,52.3391075
2018-08-02,52.3519745
2018-08-03,52.3648453
2018-08-06,52.3777161
2018-08-07,52.3905945
2018-08-08,52.4034729
2018-08-09,52.4163551
2018-08-10,52.4292412
2018-08-13,52.442131
2018-08-14,52.4550209
2018-08-15,52.4679146
2018-08-16,52.4808159
2018-08-17,52.4937172
2018-08-20,52.5066185
2018-08-21,52.5195274
2018-08-22,52.5324402
2018-08-23,52.5453529
2018-08-24,52.5582695
2018-08-27,52.5711899
2018-08-28,52.5841141
2018-08-29,52.5970421
2018-08-30,52.6099701
2018-08-31,52.6229057
2018-09-03,52.6358414
2018-09-04,52.6487808
2018-09-05,52.6617241
2018-09-06,52.6746674
2018-09-10,52.6876183
2018-09-11,52.7005692
2018-09-12,52.7135239
2018-09-13,52.7264824
2018-09-14,52.7394447
2018-09-17,52.7524109
2018-09-18,52.765377
2018-09-19,52.7783508
2018-09-20,52.7913246
2018-09-21,52.8043022
2018-09-24,52.8172836
2018-09-25,52.830265
2018-09-26,52.8432541
2018-09-27,52.8562431
2018-09-28,52.8692398
2018-10-01,52.8822365
2018-10-02,52.895256
2018-10-03,52.9082756
2018-10-04,52.9213028
2018-10-05,52.9343338
2018-10-08,52.9473648
2018-10-09,52.9603996
2018-10-10,52.9734383
2018-10-11,52.9864807
2018-10-15,52.999527
2018-10-16,53.0125771
2018-10-17,53.0256271
2018-10-18,53.038681
2018-10-19,53.0517387
2018-10-22,53.0648003
2018-10-23,53.0778656
2018-10-24,53.0909348
2018-10-25,53.1040039
2018-10-26,53.1170769
2018-10-29,53.1301575
2018-10-30,53.1432381
2018-10-31,53.1563225
2018-11-01,53.1694069
2018-11-05,53.1824989
2018-11-06,53.195591
2018-11-07,53.2086868
2018-11-08,53.2217865
2018-11-09,53.23489
2018-11-12,53.2479973
2018-11-13,53.2611084
2018-11-14,53.2742195
2018-11-16,53.2873383
2018-11-19,53.300457
2018-11-20,53.3135796
2018-11-21,53.3267059
2018-11-22,53.3398323
2018-11-23,53.3529663
2018-11-26,53.3661003
2018-11-27,53.3792381
2018-11-28,53.3923836
2018-11-29,53.4055252
2018-11-30,53.4186745
2018-12-03,53.4318275
2018-12-04,53.4449806
2018-12-05,53.4581413
2018-12-06,53.471302
2018-12-07,53.4844666
2018-12-10,53.4976349
2018-12-11,53.510807
2018-12-12,53.5239792
2018-12-13,53.537159
2018-12-14,53.5503387
2018-12-17,53.5635223
2018-12-18,53.5767097
2018-12-19,53.589901
2018-12-20,53.6030922
2018-12-21,53.616291
2018-12-24,53.6294899
2018-12-26,53.6426964
2018-12-27,53.6559029
2018-12-28,53.6691132
2018-12-31,53.6823235
2019-01-02,53.6955414
2019-01-03,53.7087631
2019-01-04,53.7219849
2019-01-07,53.7352104
2019-01-08,53.7484398
2019-01-09,53.761673
2019-01-10,53.77491
2019-01-11,53.7881508
2019-01-14,53.8013916
2019-01-15,53.8146362
2019-01-16,53.8278885
2019-01-17,53.8411407
2019-01-18,53.854393
2019-01-21,53.8676529
2019-01-22,53.8809166
2019-01-23,53.8941803
2019-01-24,53.9074516
2019-01-25,53.920723
2019-01-28,53.9339981
2019-01-29,53.9472771
2019-01-30,53.960556
2019-01-31,53.9738426
2019-02-01,53.987133
2019-02-04,54.0004234
2019-02-05,54.0137177
2019-02-06,54.0270157
2019-02-07,54.0403175
2019-02-08,54.0536232
2019-02-11,54.0669289
2019-02-12,54.0802422
2019-02-13,54.0935555
2019-02-14,54.1068726
2019-02-15,54.1201935
2019-02-18,54.1335182
2019-02-19,54.1468468
2019-02-20,54.1601791
2019-02-21,54.1735115
2019-02-22,54.1868515
2019-02-25,54.2001915
2019-02-26,54.2135353
2019-02-27,54.2268829
2019-02-28,54.2402344
2019-03-01,54.2535858
2019-03-06,54.2669449
2019-03-07,54.280304
2019-03-08,54.2936668
2019-03-11,54.3070335
2019-03-12,54.3204041
2019-03-13,54.3337784
2019-03-14,54.3471565
2019-03-15,54.3605385
2019-03-18,54.3739204
2019-03-19,54.3873062
2019-03-20,54.4006958
2019-03-21,54.4140892
2019-03-22,54.4274864
2019-03-25,54.4408875
2019-03-26,54.4542923
2019-03-27,54.4676971
2019-03-28,54.4811058
2019-03-29,54.4945221
2019-04-01,54.5079384
2019-04-02,54.5213585
2019-04-03,54.5347786
2019-04-04,54.5482063
2019-04-05,54.5616379
2019-04-08,54.5750694
2019-04-09,54.5885048
2019-04-10,54.601944
2019-04-11,54.615387
2019-04-12,54.6288338
2019-04-15,54.6422844
2019-04-16,54.6557388
2019-04-17,54.6691933
2019-04-18,54.6826515
2019-04-22,54.6961174
2019-04-23,54.7095833
2019-04-24,54.723053
2019-04-25,54.7365265
2019-04-26,54.75
2019-04-29,54.7634811
2019-04-30,54.7769623
2019-05-02,54.7904472
2019-05-03,54.8039398
2019-05-06,54.8174324
2019-05-07,54.8309288
2019-05-08,54.8444252
2019-05-09,54.8579292
2019-05-10,54.8714371
2019-05-13,54.8849449
2019-05-14,54.8984566
2019-05-15,54.911972
2019-05-16,54.9254913
2019-05-17,54.9390144
2019-05-20,54.9525414
2019-05-21,54.9660721
2019-05-22,54.9796028
2019-05-23,54.9931412
2019-05-24,55.0066795
2019-05-27,55.0202217
2019-05-28,55.0337677
2019-05-29,55.0473175
2019-05-30,55.0608711
2019-05-31,55.0744247
2019-06-03,55.087986
2019-06-04,55.1015472
2019-06-05,55.1151123
2019-06-06,55.1286812
2019-06-07,55.1422539
2019-06-10,55.1558304
2019-06-11,55.1694107
2019-06-12,55.1829948
2019-06-13,55.196579
2019-06-14,55.2101669
2019-06-17,55.2237625
2019-06-18,55.2373581
2019-06-19,55.2509575
2019-06-21,55.2645607
2019-06-24,55.2781677
2019-06-25,55.2917747
2019-06-26,55.3053894
2019-06-27,55.3190041
2019-06-28,55.3326225
2019-07-01,55.3462486
2019-07-02,55.3598747
2019-07-03,55.3735046
2019-07-04,55.3871346
2019-07-05,55.4007721
2019-07-08,55.4144135
2019-07-09,55.4280548
2019-07-10,55.4417
2019-07-11,55.455349
2019-07-12,55.4690056
2019-07-15,55.4826622
2019-07-16,55.4963188
2019-07-17,55.5099831
2019-07-18,55.5236511
2019-07-19,55.5373192
2019-07-22,55.5509949
2019-07-23,55.5646706
2019-07-24,55.5783501
2019-07-25,55.5920334
2019-07-26,55.6057205
2019-07-29,55.6194115
2019-07-30,55.6331024
2019-07-31,55.646800999999996
2019-08-01,55.6604996
2019-08-02,55.6731644
2019-08-05,55.6858292
2019-08-06,55.6984978
2019-08-07,55.7111702
2019-08-08,55.7238464
2019-08-09,55.7365227
2019-08-12,55.7492027
2019-08-13,55.7618866
2019-08-14,55.7745743
2019-08-15,55.787262
2019-08-16,55.7999573
2019-08-19,55.8126526
2019-08-20,55.8253479
2019-08-21,55.8380508
2019-08-22,55.8507538
2019-08-23,55.8634605
2019-08-26,55.8761711
2019-08-27,55.8888817
2019-08-28,55.9015961
2019-08-29,55.9143143
2019-08-30,55.9270363
2019-09-02,55.9397621
2019-09-03,55.9524879
2019-09-04,55.9652176
2019-09-05,55.977951
2019-09-06,55.9906845
2019-09-09,56.0034218
2019-09-10,56.0161667
2019-09-11,56.0289078
2019-09-12,56.0416565
2019-09-13,56.0544052
2019-09-16,56.0671577
2019-09-17,56.0799141
2019-09-18,56.0926743
2019-09-19,56.1054344
2019-09-20,56.1171455
2019-09-23,56.1288605
2019-09-24,56.1405754
2019-09-25,56.1522903
2019-09-26,56.1640129
2019-09-27,56.1757355
2019-09-30,56.187458
2019-10-01,56.1991882
2019-10-02,56.2109146
2019-10-03,56.2226486
2019-10-04,56.2343826
2019-10-07,56.2461205
2019-10-08,56.2578621
2019-10-09,56.2696037
2019-10-10,56.2813454
2019-10-11,56.2930946
2019-10-14,56.3048439
2019-10-15,56.316597
2019-10-16,56.3283501
2019-10-17,56.340107
2019-10-18,56.3518677
2019-10-21,56.3636284
2019-10-22,56.3753929
2019-10-23,56.3871574
2019-10-24,56.3989296
2019-10-25,56.4106979
2019-10-28,56.4224739
2019-10-29,56.4342499
2019-10-30,56.4460297
2019-10-31,56.4578094
2019-11-01,56.4685287
2019-11-04,56.479248
2019-11-05,56.4899712
2019-11-06,56.5006981
2019-11-07,56.511425
2019-11-08,56.5221519
2019-11-11,56.5328827
2019-11-12,56.5436172
2019-11-13,56.5543518
2019-11-14,56.5650864
2019-11-18,56.5758247
2019-11-19,56.5865669
2019-11-20,56.5973091
2019-11-21,56.6080551
2019-11-22,56.6188011
2019-11-25,56.6295509
2019-11-26,56.6403008
2019-11-27,56.6510544
2019-11-28,56.6618118
2019-11-29,56.6725693
2019-12-02,56.6833267
2019-12-03,56.694088
2019-12-04,56.7048531
2019-12-05,56.7156181
2019-12-06,56.7263832
2019-12-09,56.7371559
2019-12-10,56.7479248
2019-12-11,56.7587013
2019-12-12,56.769474
2019-12-13,56.7791748
2019-12-16,56.7888794
2019-12-17,56.798584
2019-12-18,56.8082886
2019-12-19,56.817997
2019-12-20,56.8277092
2019-12-23,56.8374176
2019-12-24,56.8471336
2019-12-26,56.8568459
2019-12-27,56.8665619
2019-12-30,56.8762817
2019-12-31,56.8860016
,
,
,
,
