Date,IBOV
2009-12-30,68588.4
2010-01-04,70045.1
2010-01-05,70239.8
2010-01-06,70729.3
2010-01-07,70451.1
2010-01-08,70262.7
2010-01-11,70433.5
2010-01-12,70075.8
2010-01-13,70385.5
2010-01-14,69801.4
2010-01-15,68978.3
2010-01-18,69400.9
2010-01-19,69908.6
2010-01-20,68200.1
2010-01-21,66270.1
2010-01-22,66220.0
2010-01-26,65523.7
2010-01-27,65069.8
2010-01-28,65587.8
2010-01-29,65401.8
2010-02-01,66571.7
2010-02-02,67163.2
2010-02-03,67108.6
2010-02-04,63934.0
2010-02-05,62762.7
2010-02-08,63153.1
2010-02-09,64718.2
2010-02-10,65051.4
2010-02-11,66128.9
2010-02-12,65855.0
2010-02-17,67284.6
2010-02-18,67836.1
2010-02-19,67597.4
2010-02-22,67184.2
2010-02-23,66108.3
2010-02-24,65794.8
2010-02-25,66121.0
2010-02-26,66503.3
2010-03-01,67227.9
2010-03-02,67779.2
2010-03-03,67641.3
2010-03-04,67814.7
2010-03-05,68846.5
2010-03-08,68575.5
2010-03-09,69576.4
2010-03-10,69979.3
2010-03-11,69884.6
2010-03-12,69341.4
2010-03-15,69023.8
2010-03-16,69942.2
2010-03-17,69723.2
2010-03-18,69697.3
2010-03-19,68829.0
2010-03-22,69041.7
2010-03-23,69386.7
2010-03-24,68913.4
2010-03-25,68441.7
2010-03-26,68682.7
2010-03-29,69939.1
2010-03-30,69959.6
2010-03-31,70371.5
2010-04-01,71136.3
2010-04-05,71289.7
2010-04-06,71095.6
2010-04-07,70792.9
2010-04-08,71784.8
2010-04-09,71417.3
2010-04-12,70614.4
2010-04-13,70792.4
2010-04-14,71034.9
2010-04-15,70524.4
2010-04-16,69421.4
2010-04-19,69097.6
2010-04-20,69318.4
2010-04-22,69386.4
2010-04-23,69509.5
2010-04-26,68871.9
2010-04-27,66511.1
2010-04-28,66655.7
2010-04-29,67978.0
2010-04-30,67529.7
2010-05-03,67119.4
2010-05-04,64869.3
2010-05-05,64914.2
2010-05-06,63414.2
2010-05-07,62870.9
2010-05-10,65452.7
2010-05-11,64424.9
2010-05-12,65223.6
2010-05-13,64788.2
2010-05-14,63412.5
2010-05-17,62866.3
2010-05-18,60841.1
2010-05-19,59689.3
2010-05-20,58192.1
2010-05-21,60259.3
2010-05-24,59915.1
2010-05-25,59184.1
2010-05-26,60190.4
2010-05-27,62091.8
2010-05-28,61947.0
2010-05-31,63046.5
2010-06-01,61841.0
2010-06-02,62942.9
2010-06-04,61675.8
2010-06-07,61182.9
2010-06-08,61793.6
2010-06-09,61478.6
2010-06-10,63048.8
2010-06-11,63605.4
2010-06-14,63532.9
2010-06-15,64442.3
2010-06-16,64750.7
2010-06-17,64540.9
2010-06-18,64437.6
2010-06-21,64829.0
2010-06-22,64810.6
2010-06-23,65160.3
2010-06-24,63936.7
2010-06-25,64823.8
2010-06-28,64225.2
2010-06-29,61977.9
2010-06-30,60935.9
2010-07-01,61236.2
2010-07-02,61429.8
2010-07-05,60865.3
2010-07-06,62064.8
2010-07-07,63283.8
2010-07-08,63476.3
2010-07-12,62960.1
2010-07-13,63685.6
2010-07-14,63479.5
2010-07-15,63489.4
2010-07-16,62339.3
2010-07-19,63297.0
2010-07-20,64462.5
2010-07-21,64476.8
2010-07-22,65748.1
2010-07-23,66323.0
2010-07-26,66443.3
2010-07-27,66674.4
2010-07-28,66808.3
2010-07-29,66953.8
2010-07-30,67515.4
2010-08-02,68517.5
2010-08-03,67997.4
2010-08-04,68272.0
2010-08-05,68411.7
2010-08-06,68094.8
2010-08-09,67862.3
2010-08-10,67223.2
2010-08-11,65790.3
2010-08-12,65966.2
2010-08-13,66264.4
2010-08-16,66701.9
2010-08-17,67583.8
2010-08-18,67638.4
2010-08-19,66887.1
2010-08-20,66677.2
2010-08-23,65981.9
2010-08-24,65156.4
2010-08-25,64803.4
2010-08-26,63867.5
2010-08-27,65585.1
2010-08-30,64260.8
2010-08-31,65145.4
2010-09-01,67072.5
2010-09-02,66808.1
2010-09-03,66678.6
2010-09-06,66747.3
2010-09-08,66407.3
2010-09-09,66624.1
2010-09-10,66806.8
2010-09-13,68030.6
2010-09-14,67691.9
2010-09-15,68106.9
2010-09-16,67663.0
2010-09-17,67089.1
2010-09-20,68190.5
2010-09-21,67719.1
2010-09-22,68325.2
2010-09-23,68794.3
2010-09-24,68196.5
2010-09-27,68816.0
2010-09-28,69227.6
2010-09-29,69228.2
2010-09-30,69429.8
2010-10-01,70229.4
2010-10-04,70384.9
2010-10-05,71283.1
2010-10-06,70541.4
2010-10-07,69918.4
2010-10-08,70808.8
2010-10-11,70946.5
2010-10-13,71674.9
2010-10-14,71692.3
2010-10-15,71830.2
2010-10-18,71735.5
2010-10-19,69863.6
2010-10-20,70404.7
2010-10-21,69652.1
2010-10-22,69529.7
2010-10-25,69580.3
2010-10-26,70740.4
2010-10-27,70568.9
2010-10-28,70320.1
2010-10-29,70673.3
2010-11-01,71560.9
2010-11-03,71904.8
2010-11-04,72995.7
2010-11-05,72606.6
2010-11-08,72657.4
2010-11-09,71679.5
2010-11-10,71638.4
2010-11-11,71195.2
2010-11-12,70367.1
2010-11-16,69192.4
2010-11-17,69708.6
2010-11-18,70781.4
2010-11-19,70897.9
2010-11-22,69632.5
2010-11-23,67952.5
2010-11-24,69629.4
2010-11-25,69361.6
2010-11-26,68226.1
2010-11-29,67908.2
2010-11-30,67705.4
2010-12-01,69345.9
2010-12-02,69527.1
2010-12-03,69766.1
2010-12-06,69551.8
2010-12-07,69337.6
2010-12-08,68174.9
2010-12-09,67879.5
2010-12-10,68341.8
2010-12-13,69126.3
2010-12-14,68743.0
2010-12-15,67870.1
2010-12-16,67306.4
2010-12-17,67981.2
2010-12-20,67263.6
2010-12-21,68214.9
2010-12-22,68470.8
2010-12-23,68486.0
2010-12-27,67803.2
2010-12-28,68040.9
2010-12-29,68952.4
2010-12-30,69304.8
2011-01-03,69962.3
2011-01-04,70317.8
2011-01-05,71091.0
2011-01-06,70578.8
2011-01-07,70057.2
2011-01-10,70127.0
2011-01-11,70423.4
2011-01-12,71632.9
2011-01-13,70721.4
2011-01-14,70940.2
2011-01-17,70609.1
2011-01-18,70919.8
2011-01-19,70058.1
2011-01-20,69561.5
2011-01-21,69133.1
2011-01-24,69426.6
2011-01-26,68709.2
2011-01-27,68050.7
2011-01-28,66697.6
2011-01-31,66574.9
2011-02-01,67847.3
2011-02-02,66688.5
2011-02-03,66764.8
2011-02-04,65269.1
2011-02-07,65362.0
2011-02-08,65771.3
2011-02-09,64217.5
2011-02-10,64577.8
2011-02-11,65755.7
2011-02-14,66557.5
2011-02-15,66341.4
2011-02-16,67576.6
2011-02-17,67685.0
2011-02-18,68066.8
2011-02-21,67258.7
2011-02-22,66439.8
2011-02-23,66910.5
2011-02-24,66949.0
2011-02-25,66902.5
2011-02-28,67383.2
2011-03-01,66242.6
2011-03-02,67281.5
2011-03-03,68145.5
2011-03-04,68012.1
2011-03-09,67263.8
2011-03-10,66040.7
2011-03-11,66684.6
2011-03-14,67169.3
2011-03-15,67005.2
2011-03-16,66002.6
2011-03-17,66215.9
2011-03-18,66879.9
2011-03-21,66689.6
2011-03-22,67578.3
2011-03-23,67795.5
2011-03-24,67533.0
2011-03-25,67765.9
2011-03-28,67192.8
2011-03-29,67418.8
2011-03-30,67997.1
2011-03-31,68586.7
2011-04-01,69268.3
2011-04-04,69703.8
2011-04-05,69837.5
2011-04-06,69036.9
2011-04-07,69176.1
2011-04-08,68718.0
2011-04-11,68164.4
2011-04-12,66896.2
2011-04-13,66486.5
2011-04-14,66278.9
2011-04-15,66684.2
2011-04-18,65415.5
2011-04-19,66158.1
2011-04-20,67058.0
2011-04-25,66972.4
2011-04-26,67144.3
2011-04-27,66264.5
2011-04-28,65673.2
2011-04-29,66132.9
2011-05-02,65462.8
2011-05-03,64318.2
2011-05-04,63615.5
2011-05-05,63407.0
2011-05-06,64417.3
2011-05-09,64622.0
2011-05-10,64876.9
2011-05-11,63775.8
2011-05-12,64003.2
2011-05-13,63235.3
2011-05-16,62829.7
2011-05-17,63673.3
2011-05-18,62840.6
2011-05-19,62367.4
2011-05-20,62596.5
2011-05-23,62345.2
2011-05-24,63336.8
2011-05-25,63388.4
2011-05-26,64098.6
2011-05-27,64295.0
2011-05-30,63953.9
2011-05-31,64620.1
2011-06-01,63411.5
2011-06-02,64218.1
2011-06-03,64340.5
2011-06-06,63067.7
2011-06-07,63217.9
2011-06-08,63033.0
2011-06-09,63468.8
2011-06-10,62697.2
2011-06-13,62022.9
2011-06-14,62204.8
2011-06-15,61603.7
2011-06-16,60880.6
2011-06-17,61060.0
2011-06-20,61168.2
2011-06-21,61423.6
2011-06-22,61194.1
2011-06-24,61016.7
2011-06-27,61217.0
2011-06-28,62303.4
2011-06-29,62334.0
2011-06-30,62403.6
2011-07-01,63394.3
2011-07-04,63891.3
2011-07-05,63038.8
2011-07-06,62565.5
2011-07-07,62207.3
2011-07-08,61513.2
2011-07-11,60223.6
2011-07-12,59704.8
2011-07-13,60669.9
2011-07-14,59679.4
2011-07-15,59478.0
2011-07-18,58837.6
2011-07-19,59082.1
2011-07-20,59119.7
2011-07-21,60262.9
2011-07-22,60270.5
2011-07-25,59970.5
2011-07-26,59339.9
2011-07-27,58288.5
2011-07-28,58708.3
2011-07-29,58823.4
2011-08-01,58535.7
2011-08-02,57310.8
2011-08-03,56017.2
2011-08-04,52811.4
2011-08-05,52949.2
2011-08-08,48668.3
2011-08-09,51150.9
2011-08-10,51395.3
2011-08-11,53343.1
2011-08-12,53473.4
2011-08-15,54651.8
2011-08-16,54323.6
2011-08-17,55073.0
2011-08-18,53134.1
2011-08-19,52447.6
2011-08-22,52440.2
2011-08-23,53786.6
2011-08-24,53795.7
2011-08-25,52953.3
2011-08-26,53350.8
2011-08-29,54860.7
2011-08-30,55385.0
2011-08-31,56495.1
2011-09-01,58118.2
2011-09-02,56531.6
2011-09-05,54998.4
2011-09-06,56607.3
2011-09-08,57623.6
2011-09-09,55778.4
2011-09-12,55685.5
2011-09-13,55544.0
2011-09-14,56286.0
2011-09-15,56381.5
2011-09-16,57210.1
2011-09-19,57102.8
2011-09-20,56378.6
2011-09-21,55981.9
2011-09-22,53280.3
2011-09-23,53230.4
2011-09-26,53747.5
2011-09-27,53920.4
2011-09-28,53270.4
2011-09-29,53384.7
2011-09-30,52324.4
2011-10-03,50791.5
2011-10-04,50686.3
2011-10-05,51013.9
2011-10-06,52290.4
2011-10-07,51243.6
2011-10-10,53273.1
2011-10-11,53838.5
2011-10-13,54601.1
2011-10-14,55030.4
2011-10-17,53911.3
2011-10-18,55031.9
2011-10-19,54966.1
2011-10-20,54010.0
2011-10-21,55255.2
2011-10-24,56892.0
2011-10-25,56286.0
2011-10-26,57143.8
2011-10-27,59270.1
2011-10-28,59513.1
2011-10-31,58338.4
2011-11-01,57322.8
2011-11-03,58196.3
2011-11-04,58669.9
2011-11-07,59198.8
2011-11-08,59026.1
2011-11-09,57549.7
2011-11-10,57321.8
2011-11-11,58547.0
2011-11-14,58258.2
2011-11-16,58560.0
2011-11-17,56988.9
2011-11-18,56731.3
2011-11-21,56284.6
2011-11-22,55878.4
2011-11-23,54972.1
2011-11-24,55279.9
2011-11-25,54894.5
2011-11-28,56017.4
2011-11-29,55299.8
2011-11-30,56875.0
2011-12-01,58143.4
2011-12-02,57885.9
2011-12-05,58910.5
2011-12-06,59536.2
2011-12-07,58662.8
2011-12-08,57455.0
2011-12-09,58236.5
2011-12-12,57346.9
2011-12-13,57494.9
2011-12-14,56646.9
2011-12-15,56331.1
2011-12-16,56096.9
2011-12-19,55298.3
2011-12-20,56864.9
2011-12-21,56653.4
2011-12-22,57347.9
2011-12-23,57701.1
2011-12-26,57669.5
2011-12-27,58005.2
2011-12-28,56533.8
2011-12-29,56754.1
2012-01-02,57829.3
2012-01-03,59264.9
2012-01-04,59364.9
2012-01-05,58546.1
2012-01-06,58600.4
2012-01-09,59082.9
2012-01-10,59806.0
2012-01-11,59962.4
2012-01-12,59920.8
2012-01-13,59146.6
2012-01-16,59956.5
2012-01-17,60645.9
2012-01-18,61722.9
2012-01-19,61926.7
2012-01-20,62312.1
2012-01-23,62386.2
2012-01-24,62486.2
2012-01-26,62953.1
2012-01-27,62904.2
2012-01-30,62770.0
2012-01-31,63072.3
2012-02-01,64567.2
2012-02-02,64593.1
2012-02-03,65217.4
2012-02-06,65223.7
2012-02-07,65917.0
2012-02-08,65831.2
2012-02-09,65530.5
2012-02-10,63997.9
2012-02-13,65691.5
2012-02-14,65038.5
2012-02-15,65368.5
2012-02-16,66141.7
2012-02-17,66203.5
2012-02-22,66092.8
2012-02-23,65819.6
2012-02-24,65942.7
2012-02-27,65241.5
2012-02-28,65958.8
2012-02-29,65811.7
2012-03-01,66809.8
2012-03-02,67781.6
2012-03-05,66964.0
2012-03-06,65114.1
2012-03-07,66016.8
2012-03-08,66908.4
2012-03-09,66704.0
2012-03-12,66384.8
2012-03-13,68394.3
2012-03-14,68257.2
2012-03-15,67749.5
2012-03-16,67684.1
2012-03-19,67730.3
2012-03-20,67295.6
2012-03-21,66860.0
2012-03-22,65828.2
2012-03-23,65813.0
2012-03-26,66684.6
2012-03-27,66037.4
2012-03-28,65079.3
2012-03-29,64872.0
2012-03-30,64511.0
2012-04-02,65216.3
2012-04-03,64284.3
2012-04-04,63528.6
2012-04-05,63691.2
2012-04-09,62923.2
2012-04-10,61738.3
2012-04-11,61293.1
2012-04-12,63058.0
2012-04-13,62105.6
2012-04-16,61954.6
2012-04-17,62698.9
2012-04-18,63010.5
2012-04-19,62618.4
2012-04-20,62494.1
2012-04-23,61539.4
2012-04-24,61971.1
2012-04-25,61750.4
2012-04-26,62198.1
2012-04-27,61691.2
2012-04-30,61820.3
2012-05-02,62423.6
2012-05-03,62104.1
2012-05-04,60820.9
2012-05-07,61220.4
2012-05-08,60365.5
2012-05-09,59786.1
2012-05-10,59702.1
2012-05-11,59445.2
2012-05-14,57539.6
2012-05-15,56238.0
2012-05-16,55887.6
2012-05-17,54038.2
2012-05-18,54513.2
2012-05-21,56590.2
2012-05-22,55038.8
2012-05-23,54619.5
2012-05-24,54063.0
2012-05-25,54463.2
2012-05-28,55212.7
2012-05-29,54633.1
2012-05-30,53797.9
2012-05-31,54490.4
2012-06-01,53402.9
2012-06-04,53416.8
2012-06-05,52481.4
2012-06-06,54156.0
2012-06-08,54429.9
2012-06-11,54001.4
2012-06-12,55049.0
2012-06-13,55650.5
2012-06-14,55351.7
2012-06-15,56104.7
2012-06-18,56195.2
2012-06-19,57195.5
2012-06-20,57166.6
2012-06-21,55505.2
2012-06-22,55439.5
2012-06-25,53805.4
2012-06-26,53836.6
2012-06-27,53108.9
2012-06-28,52652.3
2012-06-29,54354.6
2012-07-02,54692.8
2012-07-03,55780.3
2012-07-04,56076.8
2012-07-05,56379.1
2012-07-06,55394.1
2012-07-10,53705.8
2012-07-11,53569.1
2012-07-12,53420.9
2012-07-13,54330.5
2012-07-16,53401.8
2012-07-17,53909.5
2012-07-18,54583.1
2012-07-19,55346.6
2012-07-20,54194.8
2012-07-23,53034.0
2012-07-24,52638.6
2012-07-25,52607.5
2012-07-26,54002.7
2012-07-27,56553.1
2012-07-30,57240.9
2012-07-31,56097.1
2012-08-01,56291.9
2012-08-02,55520.4
2012-08-03,57255.2
2012-08-06,58344.6
2012-08-07,57725.7
2012-08-08,58951.0
2012-08-09,58797.1
2012-08-10,59280.9
2012-08-13,59122.7
2012-08-14,58082.9
2012-08-15,58189.3
2012-08-16,59445.8
2012-08-17,59082.4
2012-08-20,59283.1
2012-08-21,58917.7
2012-08-22,59380.8
2012-08-23,58511.6
2012-08-24,58425.8
2012-08-27,58111.5
2012-08-28,58406.4
2012-08-29,57369.2
2012-08-30,57256.4
2012-08-31,57061.4
2012-09-03,57281.4
2012-09-04,56233.9
2012-09-05,56863.9
2012-09-06,58321.2
2012-09-10,58404.1
2012-09-11,59422.6
2012-09-12,59921.8
2012-09-13,61958.1
2012-09-14,62105.5
2012-09-17,61806.0
2012-09-18,61804.3
2012-09-19,61651.8
2012-09-20,61688.0
2012-09-21,61320.1
2012-09-24,61910.0
2012-09-25,60501.1
2012-09-26,60478.1
2012-09-27,60239.8
2012-09-28,59175.9
2012-10-01,59570.8
2012-10-02,59222.1
2012-10-03,58627.3
2012-10-04,58458.0
2012-10-05,58571.6
2012-10-08,59317.1
2012-10-09,58939.5
2012-10-10,58456.3
2012-10-11,59161.7
2012-10-15,59601.7
2012-10-16,59743.9
2012-10-17,60087.3
2012-10-18,59733.9
2012-10-19,58922.0
2012-10-22,58700.3
2012-10-23,57690.2
2012-10-24,57160.7
2012-10-25,57836.8
2012-10-26,57276.8
2012-10-29,57176.6
2012-10-30,57683.8
2012-10-31,57068.2
2012-11-01,58382.7
2012-11-05,58209.8
2012-11-06,59458.6
2012-11-07,58517.4
2012-11-08,57524.4
2012-11-09,57357.7
2012-11-12,57064.3
2012-11-13,57486.1
2012-11-14,56279.4
2012-11-16,55402.3
2012-11-19,56450.9
2012-11-21,56242.1
2012-11-22,56437.0
2012-11-23,57574.0
2012-11-26,56737.1
2012-11-27,56248.1
2012-11-28,56539.4
2012-11-29,57852.5
2012-11-30,57474.6
2012-12-03,58202.4
2012-12-04,57563.2
2012-12-05,57678.6
2012-12-06,57656.4
2012-12-07,58487.3
2012-12-10,59248.2
2012-12-11,59623.3
2012-12-12,59474.2
2012-12-13,59316.8
2012-12-14,59604.9
2012-12-17,59566.5
2012-12-18,60460.7
2012-12-19,60998.3
2012-12-20,61276.1
2012-12-21,61007.0
2012-12-26,60959.8
2012-12-27,60415.9
2012-12-28,60952.1
2013-01-02,62550.1
2013-01-03,63312.5
2013-01-04,62523.1
2013-01-07,61932.5
2013-01-08,61127.8
2013-01-09,61578.6
2013-01-10,61678.3
2013-01-11,61497.4
2013-01-14,62080.8
2013-01-15,61727.6
2013-01-16,61787.4
2013-01-17,62194.1
2013-01-18,61956.1
2013-01-21,61899.7
2013-01-22,61692.3
2013-01-23,61966.3
2013-01-24,61169.8
2013-01-28,60027.1
2013-01-29,60406.3
2013-01-30,59336.7
2013-01-31,59761.5
2013-02-01,60351.2
2013-02-04,59575.7
2013-02-05,59445.0
2013-02-06,58951.1
2013-02-07,58372.5
2013-02-08,58497.8
2013-02-13,58405.7
2013-02-14,58077.3
2013-02-15,57903.3
2013-02-18,57613.9
2013-02-19,57314.4
2013-02-20,56177.6
2013-02-21,56154.7
2013-02-22,56697.1
2013-02-25,56617.6
2013-02-26,56948.9
2013-02-27,57273.9
2013-02-28,57424.3
2013-03-01,56884.0
2013-03-04,56499.2
2013-03-05,55950.7
2013-03-06,57940.1
2013-03-07,58846.8
2013-03-08,58432.8
2013-03-11,58544.8
2013-03-12,58208.6
2013-03-13,57385.9
2013-03-14,57281.0
2013-03-15,56869.3
2013-03-18,56973.0
2013-03-19,56361.2
2013-03-20,56030.0
2013-03-21,55576.7
2013-03-22,55243.4
2013-03-25,54873.1
2013-03-26,55671.4
2013-03-27,56034.3
2013-03-28,56352.1
2013-04-01,55902.2
2013-04-02,54889.1
2013-04-03,55562.7
2013-04-04,54648.1
2013-04-05,55050.6
2013-04-08,55092.3
2013-04-09,55912.0
2013-04-10,56186.6
2013-04-11,55400.9
2013-04-12,54962.6
2013-04-15,52949.9
2013-04-16,53990.8
2013-04-17,52882.0
2013-04-18,53165.9
2013-04-19,53928.9
2013-04-22,54297.7
2013-04-23,54884.8
2013-04-24,54984.2
2013-04-25,54963.3
2013-04-26,54252.0
2013-04-29,54887.3
2013-04-30,55910.4
2013-05-02,55321.9
2013-05-03,55488.1
2013-05-06,55429.9
2013-05-07,56274.7
2013-05-08,55804.8
2013-05-09,55447.6
2013-05-10,55107.8
2013-05-13,54447.8
2013-05-14,54666.8
2013-05-15,54936.4
2013-05-16,54772.6
2013-05-17,55164.3
2013-05-20,55700.8
2013-05-21,56265.3
2013-05-22,56429.3
2013-05-23,56349.9
2013-05-24,56406.2
2013-05-27,56395.9
2013-05-28,56036.3
2013-05-29,54634.7
2013-05-31,53506.1
2013-06-03,53944.4
2013-06-04,54017.9
2013-06-05,52798.6
2013-06-06,52884.8
2013-06-07,51618.6
2013-06-10,51316.6
2013-06-11,49769.9
2013-06-12,49180.6
2013-06-13,50414.9
2013-06-14,49332.3
2013-06-17,49088.6
2013-06-18,49464.9
2013-06-19,47893.1
2013-06-20,48214.4
2013-06-21,47056.0
2013-06-24,45965.1
2013-06-25,46893.0
2013-06-26,47172.0
2013-06-27,47609.5
2013-06-28,47457.1
2013-07-01,47229.6
2013-07-02,45228.9
2013-07-03,45044.0
2013-07-04,45763.2
2013-07-05,45210.5
2013-07-08,45075.5
2013-07-10,45483.4
2013-07-11,46626.3
2013-07-12,45533.2
2013-07-15,46738.9
2013-07-16,46869.3
2013-07-17,47407.3
2013-07-18,47656.9
2013-07-19,47400.2
2013-07-22,48574.1
2013-07-23,48819.5
2013-07-24,48374.2
2013-07-25,49066.8
2013-07-26,49422.1
2013-07-29,49212.3
2013-07-30,48561.8
2013-07-31,48234.5
2013-08-01,49140.8
2013-08-02,48474.0
2013-08-05,48436.4
2013-08-06,47421.9
2013-08-07,47446.7
2013-08-08,48928.8
2013-08-09,49874.9
2013-08-12,50299.5
2013-08-13,50600.6
2013-08-14,50895.9
2013-08-15,50908.3
2013-08-16,51538.8
2013-08-19,51574.1
2013-08-20,50507.0
2013-08-21,50405.2
2013-08-22,51397.7
2013-08-23,52197.1
2013-08-26,51429.5
2013-08-27,50091.6
2013-08-28,49866.9
2013-08-29,49921.9
2013-08-30,50011.8
2013-09-02,51835.1
2013-09-03,51625.5
2013-09-04,51716.2
2013-09-05,52351.9
2013-09-06,53749.4
2013-09-09,54251.9
2013-09-10,53979.0
2013-09-11,53570.5
2013-09-12,53307.1
2013-09-13,53797.5
2013-09-16,53821.6
2013-09-17,54271.3
2013-09-18,55702.9
2013-09-19,55095.7
2013-09-20,54110.0
2013-09-23,54602.4
2013-09-24,54431.1
2013-09-25,54261.1
2013-09-26,53783.0
2013-09-27,53738.9
2013-09-30,52338.2
2013-10-01,53179.5
2013-10-02,53100.2
2013-10-03,52489.9
2013-10-04,52849.0
2013-10-07,52417.1
2013-10-08,52312.4
2013-10-09,52547.7
2013-10-10,52996.6
2013-10-11,53149.6
2013-10-14,54170.6
2013-10-15,54980.6
2013-10-16,55973.0
2013-10-17,55358.1
2013-10-18,55378.5
2013-10-21,56077.4
2013-10-22,56460.4
2013-10-23,55440.0
2013-10-24,54877.1
2013-10-25,54154.1
2013-10-28,55073.4
2013-10-29,54538.8
2013-10-30,54172.8
2013-10-31,54256.2
2013-11-01,54013.2
2013-11-04,54436.9
2013-11-05,53831.9
2013-11-06,53384.6
2013-11-07,52740.8
2013-11-08,52248.9
2013-11-11,52623.9
2013-11-12,51804.3
2013-11-13,52230.3
2013-11-14,53451.6
2013-11-18,54307.0
2013-11-19,53032.9
2013-11-21,52688.0
2013-11-22,52800.7
2013-11-25,52263.5
2013-11-26,51446.9
2013-11-27,51861.2
2013-11-28,51846.8
2013-11-29,52482.5
2013-12-02,51244.9
2013-12-03,50348.9
2013-12-04,50215.8
2013-12-05,50787.6
2013-12-06,50944.3
2013-12-09,51165.4
2013-12-10,50993.0
2013-12-11,50068.0
2013-12-12,50121.6
2013-12-13,50051.2
2013-12-16,50279.6
2013-12-17,50090.4
2013-12-18,50563.4
2013-12-19,51633.4
2013-12-20,51185.7
2013-12-23,51356.1
2013-12-26,51221.0
2013-12-27,51266.6
2013-12-30,51507.2
2014-01-02,50341.3
2014-01-03,50981.1
2014-01-06,50973.6
2014-01-07,50430.0
2014-01-08,50576.6
2014-01-09,49321.7
2014-01-10,49696.4
2014-01-13,49426.9
2014-01-14,49703.1
2014-01-15,50105.4
2014-01-16,49696.3
2014-01-17,49181.9
2014-01-20,48708.4
2014-01-21,48542.1
2014-01-22,49299.7
2014-01-23,48320.6
2014-01-24,47787.4
2014-01-27,47701.1
2014-01-28,47840.9
2014-01-29,47556.8
2014-01-30,47244.3
2014-01-31,47639.0
2014-02-03,46147.5
2014-02-04,46964.2
2014-02-05,46624.4
2014-02-06,47738.1
2014-02-07,48073.6
2014-02-10,47710.8
2014-02-11,48462.8
2014-02-12,48216.9
2014-02-13,47812.8
2014-02-14,48201.1
2014-02-17,47576.3
2014-02-18,46599.8
2014-02-19,47150.8
2014-02-20,47288.6
2014-02-21,47380.2
2014-02-24,47393.5
2014-02-25,46715.9
2014-02-26,46599.2
2014-02-27,47606.8
2014-02-28,47094.4
2014-03-05,46589.0
2014-03-06,47093.1
2014-03-07,46244.1
2014-03-10,45533.2
2014-03-11,45697.6
2014-03-12,45861.8
2014-03-13,45443.8
2014-03-14,44965.7
2014-03-17,45117.8
2014-03-18,46151.0
2014-03-19,46567.2
2014-03-20,47278.5
2014-03-21,47380.9
2014-03-24,47993.4
2014-03-25,48180.1
2014-03-26,47965.6
2014-03-27,49646.8
2014-03-28,49768.1
2014-03-31,50414.9
2014-04-01,50270.4
2014-04-02,51701.1
2014-04-03,51408.2
2014-04-04,51081.8
2014-04-07,52155.3
2014-04-08,51629.1
2014-04-09,51185.4
2014-04-10,51127.5
2014-04-11,51867.3
2014-04-14,51596.6
2014-04-15,50454.4
2014-04-16,51200.6
2014-04-17,52111.9
2014-04-22,51976.9
2014-04-23,51569.7
2014-04-24,51817.4
2014-04-25,51399.4
2014-04-28,51383.7
2014-04-29,51838.6
2014-04-30,51626.7
2014-05-02,52980.3
2014-05-05,53446.2
2014-05-06,53779.7
2014-05-07,54052.7
2014-05-08,53422.4
2014-05-09,53100.3
2014-05-12,54052.9
2014-05-13,53907.5
2014-05-14,54412.5
2014-05-15,53855.5
2014-05-16,53975.8
2014-05-19,53353.1
2014-05-20,52366.2
2014-05-21,52203.4
2014-05-22,52806.2
2014-05-23,52626.4
2014-05-26,52932.9
2014-05-27,52174.0
2014-05-28,52639.8
2014-05-29,52239.3
2014-05-30,51239.3
2014-06-02,51605.8
2014-06-03,52032.4
2014-06-04,51833.0
2014-06-05,51558.8
2014-06-06,53128.7
2014-06-09,54273.2
2014-06-10,54604.3
2014-06-11,55102.4
2014-06-12,55102.4
2014-06-13,54806.6
2014-06-16,54629.6
2014-06-17,54299.9
2014-06-18,55202.5
2014-06-20,54638.2
2014-06-23,54210.1
2014-06-24,54280.8
2014-06-25,53425.7
2014-06-26,53506.8
2014-06-27,53157.3
2014-06-30,53168.2
2014-07-01,53171.5
2014-07-02,53028.8
2014-07-03,53874.6
2014-07-04,54055.9
2014-07-07,53801.8
2014-07-08,53634.7
2014-07-10,54592.8
2014-07-11,54785.9
2014-07-14,55744.0
2014-07-15,55973.6
2014-07-16,55717.4
2014-07-17,55637.5
2014-07-18,57012.9
2014-07-21,57633.9
2014-07-22,57983.3
2014-07-23,57420.0
2014-07-24,57977.6
2014-07-25,57821.1
2014-07-28,57695.7
2014-07-29,57118.8
2014-07-30,56878.0
2014-07-31,55829.4
2014-08-01,55902.9
2014-08-04,56616.3
2014-08-05,56202.1
2014-08-06,56487.2
2014-08-07,56188.1
2014-08-08,55572.9
2014-08-11,56613.3
2014-08-12,56442.3
2014-08-13,55581.2
2014-08-14,55780.4
2014-08-15,56963.6
2014-08-18,57560.7
2014-08-19,58449.3
2014-08-20,58878.2
2014-08-21,58992.1
2014-08-22,58407.3
2014-08-25,59735.2
2014-08-26,59821.4
2014-08-27,60950.6
2014-08-28,60290.9
2014-08-29,61288.1
2014-09-01,61141.3
2014-09-02,61896.0
2014-09-03,61837.0
2014-09-04,60800.0
2014-09-05,60682.0
2014-09-08,59192.8
2014-09-09,58676.3
2014-09-10,58198.7
2014-09-11,58337.3
2014-09-12,56927.8
2014-09-15,57948.8
2014-09-16,59114.7
2014-09-17,59108.2
2014-09-18,58374.5
2014-09-19,57788.7
2014-09-22,56818.1
2014-09-23,56540.5
2014-09-24,56824.4
2014-09-25,55962.1
2014-09-26,57212.4
2014-09-29,54625.4
2014-09-30,54116.0
2014-10-01,52858.4
2014-10-02,53518.6
2014-10-03,54539.6
2014-10-06,57115.9
2014-10-07,57436.3
2014-10-08,57058.5
2014-10-09,57267.5
2014-10-10,55311.6
2014-10-13,57956.5
2014-10-14,58015.5
2014-10-15,56135.3
2014-10-16,54298.3
2014-10-17,55723.8
2014-10-20,54302.6
2014-10-21,52432.4
2014-10-22,52411.0
2014-10-23,50713.3
2014-10-24,51940.7
2014-10-27,50503.7
2014-10-28,52330.0
2014-10-29,51049.3
2014-10-30,52336.8
2014-10-31,54628.6
2014-11-03,53947.2
2014-11-04,54383.6
2014-11-05,53698.4
2014-11-06,52637.1
2014-11-07,53222.9
2014-11-10,52725.4
2014-11-11,52474.3
2014-11-12,52978.9
2014-11-13,51846.0
2014-11-14,51772.4
2014-11-17,51257.0
2014-11-18,52061.9
2014-11-19,53402.8
2014-11-21,56084.0
2014-11-24,55406.9
2014-11-25,55560.8
2014-11-26,55098.5
2014-11-27,54721.3
2014-11-28,54724.0
2014-12-01,52276.6
2014-12-02,51612.5
2014-12-03,52320.5
2014-12-04,51426.9
2014-12-05,51992.9
2014-12-08,50274.1
2014-12-09,50193.5
2014-12-10,49548.1
2014-12-11,49861.8
2014-12-12,48002.0
2014-12-15,47018.7
2014-12-16,47007.5
2014-12-17,48713.6
2014-12-18,48495.7
2014-12-19,49651.0
2014-12-22,50120.9
2014-12-23,50889.8
2014-12-26,50144.6
2014-12-29,50593.8
2014-12-30,50007.4
2015-01-02,48512.2
2015-01-05,47516.8
2015-01-06,48000.9
2015-01-07,49462.9
2015-01-08,49943.3
2015-01-09,48840.3
2015-01-12,48139.7
2015-01-13,48041.7
2015-01-14,47645.9
2015-01-15,48026.3
2015-01-16,49016.5
2015-01-19,47758.0
2015-01-20,47876.7
2015-01-21,49224.1
2015-01-22,49442.6
2015-01-23,48775.3
2015-01-26,48576.6
2015-01-27,48591.2
2015-01-28,47694.5
2015-01-29,47762.2
2015-01-30,46907.7
2015-02-02,47650.7
2015-02-03,48963.7
2015-02-04,49301.1
2015-02-05,49233.9
2015-02-06,48792.3
2015-02-09,49382.6
2015-02-10,48510.3
2015-02-11,48239.7
2015-02-12,49532.7
2015-02-13,50635.9
2015-02-18,51280.4
2015-02-19,51294.0
2015-02-20,51237.7
2015-02-23,51280.6
2015-02-24,51874.2
2015-02-25,51811.0
2015-02-26,51760.5
2015-02-27,51583.1
2015-03-02,51020.8
2015-03-03,51304.1
2015-03-04,50468.1
2015-03-05,50365.2
2015-03-06,49981.2
2015-03-09,49181.0
2015-03-10,48293.4
2015-03-11,48905.6
2015-03-12,48880.4
2015-03-13,48595.8
2015-03-16,48848.2
2015-03-17,50285.1
2015-03-18,51526.2
2015-03-19,50953.5
2015-03-20,51966.6
2015-03-23,51908.5
2015-03-24,51506.1
2015-03-25,51858.3
2015-03-26,50579.9
2015-03-27,50094.7
2015-03-30,51243.4
2015-03-31,51150.2
2015-04-01,52321.8
2015-04-02,53123.0
2015-04-06,53737.3
2015-04-07,53729.2
2015-04-08,53661.1
2015-04-09,53802.7
2015-04-10,54214.1
2015-04-13,54239.8
2015-04-14,53981.9
2015-04-15,54918.7
2015-04-16,54674.2
2015-04-17,53954.8
2015-04-20,53761.3
2015-04-22,54617.4
2015-04-23,55684.9
2015-04-24,56594.2
2015-04-27,55534.5
2015-04-28,55812.0
2015-04-29,55325.3
2015-04-30,56229.4
2015-05-04,57354.0
2015-05-05,58051.6
2015-05-06,57103.1
2015-05-07,56921.4
2015-05-08,57149.3
2015-05-11,57197.1
2015-05-12,56792.1
2015-05-13,56372.0
2015-05-14,56656.6
2015-05-15,57248.6
2015-05-18,56204.2
2015-05-19,55498.8
2015-05-20,54901.0
2015-05-21,55112.1
2015-05-22,54377.3
2015-05-25,54609.3
2015-05-26,53629.8
2015-05-27,54236.3
2015-05-28,53976.3
2015-05-29,52760.5
2015-06-01,53031.3
2015-06-02,54236.4
2015-06-03,53522.9
2015-06-05,52973.4
2015-06-08,52809.6
2015-06-09,52816.0
2015-06-10,53876.4
2015-06-11,53688.5
2015-06-12,53347.5
2015-06-15,53137.5
2015-06-16,53702.2
2015-06-17,53248.5
2015-06-18,54238.6
2015-06-19,53749.4
2015-06-22,53863.7
2015-06-23,53772.4
2015-06-24,53842.5
2015-06-25,53175.7
2015-06-26,54017.0
2015-06-29,53014.2
2015-06-30,53080.9
2015-07-01,52757.5
2015-07-02,53106.2
2015-07-03,52519.4
2015-07-06,52149.4
2015-07-07,52343.7
2015-07-08,51781.8
2015-07-10,52590.7
2015-07-13,53119.5
2015-07-14,53239.2
2015-07-15,52902.3
2015-07-16,53069.8
2015-07-17,52341.8
2015-07-20,51600.1
2015-07-21,51474.3
2015-07-22,50915.8
2015-07-23,49806.6
2015-07-24,49245.8
2015-07-27,48735.5
2015-07-28,49601.6
2015-07-29,50245.1
2015-07-30,49897.4
2015-07-31,50864.8
2015-08-03,50138.0
2015-08-04,50058.5
2015-08-05,50287.3
2015-08-06,50011.3
2015-08-07,48577.3
2015-08-10,49353.0
2015-08-11,49072.3
2015-08-12,48388.0
2015-08-13,48009.6
2015-08-14,47508.4
2015-08-17,47217.4
2015-08-18,47450.6
2015-08-19,46588.4
2015-08-20,46649.2
2015-08-21,45719.6
2015-08-24,44336.5
2015-08-25,44544.9
2015-08-26,46038.1
2015-08-27,47715.3
2015-08-28,47153.9
2015-08-31,46625.5
2015-09-01,45477.1
2015-09-02,46464.0
2015-09-03,47365.9
2015-09-04,46497.7
2015-09-08,46762.1
2015-09-09,46657.1
2015-09-10,46504.0
2015-09-11,46400.5
2015-09-14,47281.5
2015-09-15,47364.1
2015-09-16,48553.1
2015-09-17,48551.1
2015-09-18,47264.1
2015-09-21,46590.2
2015-09-22,46264.6
2015-09-23,45340.1
2015-09-24,45292.0
2015-09-25,44831.5
2015-09-28,43956.6
2015-09-29,44131.8
2015-09-30,45059.3
2015-10-01,45313.3
2015-10-02,47033.5
2015-10-05,47598.1
2015-10-06,47735.1
2015-10-07,48914.3
2015-10-08,49106.6
2015-10-09,49338.4
2015-10-13,47362.6
2015-10-14,46710.4
2015-10-15,47161.1
2015-10-16,47236.1
2015-10-19,47447.3
2015-10-20,47076.6
2015-10-21,47025.9
2015-10-22,47772.1
2015-10-23,47596.6
2015-10-26,47209.3
2015-10-27,47042.9
2015-10-28,46740.8
2015-10-29,45628.4
2015-10-30,45868.8
2015-11-03,48053.7
2015-11-04,47710.1
2015-11-05,48046.8
2015-11-06,46918.5
2015-11-09,46194.9
2015-11-10,46206.6
2015-11-11,47065.0
2015-11-12,46883.6
2015-11-13,46517.0
2015-11-16,46846.9
2015-11-17,47247.8
2015-11-18,47435.6
2015-11-19,48138.9
2015-11-23,48150.3
2015-11-24,48284.2
2015-11-25,46866.6
2015-11-26,47145.6
2015-11-27,45872.9
2015-11-30,45120.4
2015-12-01,45046.8
2015-12-02,44914.5
2015-12-03,46393.3
2015-12-04,45360.8
2015-12-07,45222.7
2015-12-08,44443.3
2015-12-09,46108.0
2015-12-10,45630.7
2015-12-11,45262.7
2015-12-14,44747.3
2015-12-15,44872.5
2015-12-16,45015.8
2015-12-17,45261.5
2015-12-18,43910.6
2015-12-21,43200.0
2015-12-22,43469.5
2015-12-23,44014.9
2015-12-28,43764.3
2015-12-29,43654.0
2015-12-30,43350.0
2016-01-04,42141.0
2016-01-05,42419.3
2016-01-06,41773.1
2016-01-07,40694.7
2016-01-08,40612.2
2016-01-11,39950.5
2016-01-12,39513.8
2016-01-13,38944.4
2016-01-14,39500.1
2016-01-15,38569.1
2016-01-18,37937.3
2016-01-19,38057.0
2016-01-20,37645.5
2016-01-21,37717.1
2016-01-22,38031.2
2016-01-26,37497.5
2016-01-27,38376.4
2016-01-28,38630.2
2016-01-29,40406.0
2016-02-01,40570.0
2016-02-02,38596.2
2016-02-03,39588.8
2016-02-04,40821.7
2016-02-05,40592.1
2016-02-10,40376.6
2016-02-11,39318.3
2016-02-12,39808.0
2016-02-15,40092.9
2016-02-16,40947.7
2016-02-17,41630.8
2016-02-18,41477.6
2016-02-19,41543.4
2016-02-22,43234.9
2016-02-23,42520.9
2016-02-24,42084.6
2016-02-25,41887.9
2016-02-26,41593.1
2016-02-29,42793.9
2016-03-01,44121.8
2016-03-02,44893.5
2016-03-03,47193.4
2016-03-04,49084.9
2016-03-07,49246.1
2016-03-08,49102.1
2016-03-09,48665.1
2016-03-10,49571.1
2016-03-11,49638.7
2016-03-14,48867.3
2016-03-15,47130.0
2016-03-16,47763.4
2016-03-17,50913.8
2016-03-18,50814.7
2016-03-21,51171.5
2016-03-22,51010.2
2016-03-23,49690.0
2016-03-24,49657.4
2016-03-28,50838.2
2016-03-29,51155.0
2016-03-30,51248.9
2016-03-31,50055.3
2016-04-01,50561.5
2016-04-04,48780.0
2016-04-05,49053.6
2016-04-06,48096.2
2016-04-07,48513.1
2016-04-08,50292.9
2016-04-11,50165.5
2016-04-12,52001.9
2016-04-13,53149.8
2016-04-14,52411.0
2016-04-15,53227.7
2016-04-18,52894.1
2016-04-19,53710.0
2016-04-20,53630.9
2016-04-22,52907.9
2016-04-25,51861.7
2016-04-26,53082.5
2016-04-27,54477.8
2016-04-28,54312.0
2016-04-29,53910.5
2016-05-02,53561.5
2016-05-03,52260.2
2016-05-04,52552.8
2016-05-05,51671.0
2016-05-06,51717.8
2016-05-09,50990.1
2016-05-10,53070.9
2016-05-11,52764.5
2016-05-12,53241.3
2016-05-13,51804.3
2016-05-16,51802.9
2016-05-17,50839.4
2016-05-18,50561.7
2016-05-19,50132.5
2016-05-20,49722.7
2016-05-23,49330.4
2016-05-24,49345.2
2016-05-25,49482.9
2016-05-27,49051.5
2016-05-30,48964.3
2016-05-31,48471.7
2016-06-01,49012.7
2016-06-02,49887.2
2016-06-03,50619.5
2016-06-06,50431.8
2016-06-07,50487.9
2016-06-08,51629.3
2016-06-09,51118.5
2016-06-10,49422.2
2016-06-13,49660.8
2016-06-14,48648.3
2016-06-15,48914.7
2016-06-16,49411.6
2016-06-17,49533.8
2016-06-20,50329.4
2016-06-21,50837.8
2016-06-22,50156.3
2016-06-23,51559.8
2016-06-24,50105.3
2016-06-27,49245.5
2016-06-28,50006.6
2016-06-29,51001.9
2016-06-30,51526.9
2016-07-01,52233.0
2016-07-04,52568.7
2016-07-05,51842.3
2016-07-06,51901.8
2016-07-07,52014.7
2016-07-08,53140.7
2016-07-11,53960.1
2016-07-12,54256.4
2016-07-13,54598.3
2016-07-14,55480.9
2016-07-15,55578.2
2016-07-18,56484.2
2016-07-19,56698.1
2016-07-20,56578.0
2016-07-21,56641.5
2016-07-22,57002.1
2016-07-25,56872.7
2016-07-26,56782.8
2016-07-27,56852.8
2016-07-28,56667.1
2016-07-29,57308.2
2016-08-01,56755.8
2016-08-02,56162.4
2016-08-03,57076.9
2016-08-04,57593.9
2016-08-05,57661.1
2016-08-08,57635.4
2016-08-09,57689.4
2016-08-10,56919.8
2016-08-11,58299.6
2016-08-12,58298.4
2016-08-15,59146.0
2016-08-16,58855.4
2016-08-17,59323.8
2016-08-18,59166.0
2016-08-19,59098.9
2016-08-22,57781.2
2016-08-23,58020.0
2016-08-24,57717.9
2016-08-25,57722.1
2016-08-26,57716.3
2016-08-29,58610.4
2016-08-30,58575.4
2016-08-31,57901.1
2016-09-01,58236.3
2016-09-02,59616.4
2016-09-05,59566.3
2016-09-06,60129.4
2016-09-08,60231.7
2016-09-09,57999.7
2016-09-12,58586.1
2016-09-13,56820.8
2016-09-14,57059.5
2016-09-15,57909.5
2016-09-16,57079.8
2016-09-19,57350.4
2016-09-20,57736.5
2016-09-21,58393.9
2016-09-22,58994.2
2016-09-23,58697.0
2016-09-26,58053.5
2016-09-27,58382.5
2016-09-28,59355.8
2016-09-29,58350.6
2016-09-30,58367.0
2016-10-03,59461.2
2016-10-04,59339.2
2016-10-05,60254.3
2016-10-06,60644.2
2016-10-07,61109.0
2016-10-10,61668.3
2016-10-11,61021.8
2016-10-13,61118.6
2016-10-14,61767.2
2016-10-17,62696.1
2016-10-18,63782.2
2016-10-19,63505.6
2016-10-20,63837.9
2016-10-21,64108.1
2016-10-24,64059.9
2016-10-25,63866.2
2016-10-26,63825.7
2016-10-27,64249.5
2016-10-28,64307.6
2016-10-31,64924.5
2016-11-01,63326.4
2016-11-03,61750.2
2016-11-04,61598.4
2016-11-07,64051.7
2016-11-08,64157.7
2016-11-09,63258.3
2016-11-10,61201.0
2016-11-11,59183.5
2016-11-14,59657.5
2016-11-16,60759.3
2016-11-17,59770.5
2016-11-18,59961.8
2016-11-21,61070.3
2016-11-22,61954.5
2016-11-23,61985.9
2016-11-24,61395.5
2016-11-25,61559.1
2016-11-28,62855.5
2016-11-29,60986.5
2016-11-30,61906.4
2016-12-01,59506.5
2016-12-02,60316.1
2016-12-05,59831.7
2016-12-06,61088.2
2016-12-07,61414.4
2016-12-08,60676.6
2016-12-09,60500.6
2016-12-12,59178.6
2016-12-13,59280.6
2016-12-14,58212.1
2016-12-15,58396.2
2016-12-16,58389.0
2016-12-19,57111.0
2016-12-20,57582.9
2016-12-21,57646.5
2016-12-22,57255.2
2016-12-23,57937.1
2016-12-26,58620.3
2016-12-27,58696.7
2016-12-28,59781.6
2016-12-29,60227.3
2017-01-02,59588.7
2017-01-03,61813.8
2017-01-04,61589.1
2017-01-05,62071.0
2017-01-06,61665.4
2017-01-09,61700.3
2017-01-10,62131.8
2017-01-11,62446.3
2017-01-12,63953.9
2017-01-13,63651.5
2017-01-16,63831.3
2017-01-17,64354.3
2017-01-18,64149.6
2017-01-19,63950.9
2017-01-20,64521.2
2017-01-23,65748.6
2017-01-24,65840.1
2017-01-26,66190.6
2017-01-27,66034.0
2017-01-30,64301.7
2017-01-31,64670.8
2017-02-01,64836.1
2017-02-02,64578.2
2017-02-03,64953.9
2017-02-06,63992.9
2017-02-07,64198.9
2017-02-08,64835.4
2017-02-09,64964.9
2017-02-10,66124.5
2017-02-13,66967.6
2017-02-14,66712.9
2017-02-15,67975.6
2017-02-16,67814.2
2017-02-17,67748.4
2017-02-20,68532.9
2017-02-21,69052.0
2017-02-22,68589.5
2017-02-23,67461.4
2017-02-24,66662.1
2017-03-01,66988.9
2017-03-02,65854.9
2017-03-03,66785.5
2017-03-06,66341.4
2017-03-07,65742.3
2017-03-08,64718.0
2017-03-09,64585.2
2017-03-10,64675.5
2017-03-13,65534.3
2017-03-14,64699.5
2017-03-15,66234.9
2017-03-16,65782.9
2017-03-17,64209.9
2017-03-20,64884.3
2017-03-21,62980.4
2017-03-22,63521.3
2017-03-23,63530.8
2017-03-24,63853.8
2017-03-27,64308.4
2017-03-28,64640.4
2017-03-29,65528.3
2017-03-30,65266.0
2017-03-31,64984.1
2017-04-03,65211.5
2017-04-04,65768.9
2017-04-05,64774.8
2017-04-06,64222.7
2017-04-07,64593.1
2017-04-10,64649.8
2017-04-11,64359.8
2017-04-12,63891.7
2017-04-13,62826.3
2017-04-17,64334.9
2017-04-18,64158.8
2017-04-19,63407.0
2017-04-20,63760.6
2017-04-24,64389.0
2017-04-25,65148.3
2017-04-26,64861.9
2017-04-27,64676.6
2017-04-28,65403.2
2017-05-02,66721.8
2017-05-03,66093.8
2017-05-04,64862.6
2017-05-05,65709.7
2017-05-08,65526.0
2017-05-09,66277.7
2017-05-10,67349.7
2017-05-11,67537.6
2017-05-12,68221.9
2017-05-15,68474.2
2017-05-16,68684.5
2017-05-17,67540.3
2017-05-18,61597.1
2017-05-19,62639.3
2017-05-22,61673.5
2017-05-23,62662.5
2017-05-24,63257.4
2017-05-25,63226.8
2017-05-26,64085.4
2017-05-29,63760.9
2017-05-30,63962.3
2017-05-31,62711.5
2017-06-01,62288.5
2017-06-02,62510.7
2017-06-05,62450.5
2017-06-06,62954.7
2017-06-07,63170.7
2017-06-08,62755.6
2017-06-09,62210.6
2017-06-12,61700.2
2017-06-13,61829.0
2017-06-14,61922.9
2017-06-16,61626.4
2017-06-19,62014.0
2017-06-20,60766.2
2017-06-21,60761.7
2017-06-22,61272.2
2017-06-23,61087.1
2017-06-26,62188.1
2017-06-27,61675.5
2017-06-28,62018.0
2017-06-29,62239.0
2017-06-30,62900.0
2017-07-03,63279.6
2017-07-04,63231.6
2017-07-05,63154.2
2017-07-06,62470.3
2017-07-07,62322.4
2017-07-10,63025.5
2017-07-11,63832.2
2017-07-12,64835.6
2017-07-13,65178.4
2017-07-14,65436.2
2017-07-17,65212.3
2017-07-18,65337.7
2017-07-19,65179.9
2017-07-20,64938.0
2017-07-21,64684.2
2017-07-24,65099.6
2017-07-25,65667.6
2017-07-26,65010.6
2017-07-27,65277.4
2017-07-28,65497.1
2017-07-31,65920.4
2017-08-01,66516.2
2017-08-02,67136.0
2017-08-03,66777.1
2017-08-04,66898.0
2017-08-07,67939.7
2017-08-08,67898.9
2017-08-09,67671.1
2017-08-10,66992.1
2017-08-11,67358.6
2017-08-14,68284.7
2017-08-15,68355.1
2017-08-16,68594.3
2017-08-17,67976.8
2017-08-18,68714.7
2017-08-21,68634.7
2017-08-22,70011.3
2017-08-23,70477.6
2017-08-24,71132.8
2017-08-25,71073.7
2017-08-28,71016.6
2017-08-29,71329.9
2017-08-30,70886.3
2017-08-31,70835.1
2017-09-01,71923.1
2017-09-04,72128.8
2017-09-05,72150.9
2017-09-06,73412.4
2017-09-08,73078.9
2017-09-11,74319.2
2017-09-12,74538.6
2017-09-13,74787.6
2017-09-14,74656.7
2017-09-15,75756.5
2017-09-18,75990.4
2017-09-19,75974.2
2017-09-20,76004.2
2017-09-21,75604.3
2017-09-22,75389.8
2017-09-25,74443.5
2017-09-26,74318.7
2017-09-27,73796.7
2017-09-28,73567.3
2017-09-29,74293.5
2017-10-02,74359.8
2017-10-03,76762.9
2017-10-04,76591.4
2017-10-05,76617.5
2017-10-06,76054.7
2017-10-09,75726.8
2017-10-10,76897.2
2017-10-11,76659.8
2017-10-13,76989.8
2017-10-16,76891.8
2017-10-17,76201.3
2017-10-18,76591.1
2017-10-19,76283.2
2017-10-20,76390.5
2017-10-23,75413.1
2017-10-24,76350.2
2017-10-25,76671.1
2017-10-26,75896.4
2017-10-27,75975.7
2017-10-30,74800.3
2017-10-31,74308.5
2017-11-01,73823.7
2017-11-03,73915.4
2017-11-06,74310.8
2017-11-07,72414.9
2017-11-08,74363.1
2017-11-09,72930.7
2017-11-10,72165.6
2017-11-13,72475.2
2017-11-14,70826.6
2017-11-16,72511.8
2017-11-17,73437.3
2017-11-21,74594.6
2017-11-22,74518.8
2017-11-23,74486.6
2017-11-24,74157.4
2017-11-27,74058.9
2017-11-28,74139.7
2017-11-29,72700.5
2017-11-30,71971.0
2017-12-01,72264.5
2017-12-04,73090.2
2017-12-05,72546.2
2017-12-06,73268.4
2017-12-07,72487.5
2017-12-08,72731.8
2017-12-11,72800.0
2017-12-12,73813.5
2017-12-13,72914.3
2017-12-14,72428.9
2017-12-15,72607.7
2017-12-18,73115.5
2017-12-19,72680.4
2017-12-20,73367.0
2017-12-21,75133.4
2017-12-22,75186.5
2017-12-26,75707.7
2017-12-27,76072.5
2017-12-28,76402.1
2018-01-02,77891.0
2018-01-03,77995.2
2018-01-04,78647.4
2018-01-05,79071.5
2018-01-08,79378.5
2018-01-09,78863.5
2018-01-10,78200.6
2018-01-11,79365.4
2018-01-12,79349.1
2018-01-15,79752.4
2018-01-16,79831.8
2018-01-17,81189.2
2018-01-18,80962.7
2018-01-19,81219.5
2018-01-22,81675.4
2018-01-23,80678.3
2018-01-24,83680.0
2018-01-26,85530.8
2018-01-29,84698.0
2018-01-30,84482.5
2018-01-31,84912.7
2018-02-01,85495.2
2018-02-02,84041.3
2018-02-05,81861.1
2018-02-06,83894.0
2018-02-07,82766.7
2018-02-08,81532.5
2018-02-09,80898.7
2018-02-14,83542.8
2018-02-15,84290.6
2018-02-16,84524.6
2018-02-19,84792.7
2018-02-20,85804.0
2018-02-21,86051.8
2018-02-22,86686.5
2018-02-23,87293.2
2018-02-26,87652.6
2018-02-27,86935.4
2018-02-28,85353.6
2018-03-01,85377.8
2018-03-02,85761.3
2018-03-05,86022.8
2018-03-06,85653.0
2018-03-07,85483.6
2018-03-08,84984.6
2018-03-09,86371.4
2018-03-12,86900.4
2018-03-13,86383.8
2018-03-14,86051.0
2018-03-15,84928.2
2018-03-16,84886.5
2018-03-19,83913.1
2018-03-20,84163.8
2018-03-21,84976.6
2018-03-22,84767.9
2018-03-23,84377.2
2018-03-26,85087.9
2018-03-27,83808.1
2018-03-28,83874.1
2018-03-29,85365.6
2018-04-02,84666.4
2018-04-03,84623.5
2018-04-04,84359.7
2018-04-05,85209.7
2018-04-06,84820.4
2018-04-09,83307.2
2018-04-10,84510.4
2018-04-11,85245.6
2018-04-12,85443.5
2018-04-13,84334.4
2018-04-16,82861.6
2018-04-17,84086.1
2018-04-18,85776.5
2018-04-19,85824.3
2018-04-20,85550.1
2018-04-23,85602.5
2018-04-24,85469.1
2018-04-25,85044.4
2018-04-26,86383.2
2018-04-27,86444.7
2018-04-30,86115.5
2018-05-02,84547.1
2018-05-03,83288.1
2018-05-04,83118.0
2018-05-07,82714.4
2018-05-08,82956.1
2018-05-09,84265.5
2018-05-10,85861.2
2018-05-11,85220.2
2018-05-14,85232.2
2018-05-15,85130.4
2018-05-16,86537.0
2018-05-17,83622.0
2018-05-18,83081.9
2018-05-21,81815.3
2018-05-22,82738.9
2018-05-23,80867.3
2018-05-24,80122.3
2018-05-25,78897.7
2018-05-28,75355.8
2018-05-29,76072.0
2018-05-30,76753.6
2018-06-01,77239.8
2018-06-04,78596.1
2018-06-05,76641.7
2018-06-06,76117.2
2018-06-07,73851.5
2018-06-08,72942.1
2018-06-11,72307.8
2018-06-12,72754.1
2018-06-13,72122.1
2018-06-14,71421.2
2018-06-15,70757.7
2018-06-18,69814.7
2018-06-19,71394.3
2018-06-20,72123.4
2018-06-21,70074.9
2018-06-22,70640.7
2018-06-25,70953.0
2018-06-26,71404.6
2018-06-27,70609.0
2018-06-28,71766.5
2018-06-29,72762.5
2018-07-02,72839.7
2018-07-03,73667.8
2018-07-04,74743.1
2018-07-05,74553.1
2018-07-06,75010.4
2018-07-10,74862.4
2018-07-11,74398.6
2018-07-12,75856.2
2018-07-13,76594.4
2018-07-16,76652.6
2018-07-17,78130.3
2018-07-18,77362.6
2018-07-19,77486.8
2018-07-20,78571.3
2018-07-23,77996.1
2018-07-24,79155.0
2018-07-25,80218.0
2018-07-26,79405.3
2018-07-27,79866.1
2018-07-30,80275.6
2018-07-31,79220.4
2018-08-01,79301.7
2018-08-02,79636.7
2018-08-03,81435.0
2018-08-06,81050.8
2018-08-07,80346.5
2018-08-08,79151.7
2018-08-09,78768.0
2018-08-10,76514.4
2018-08-13,77496.5
2018-08-14,78602.1
2018-08-15,77078.0
2018-08-16,76818.7
2018-08-17,76028.5
2018-08-20,76327.9
2018-08-21,75180.4
2018-08-22,76902.3
2018-08-23,75633.8
2018-08-24,76262.2
2018-08-27,77929.7
2018-08-28,77473.2
2018-08-29,78388.8
2018-08-30,76404.1
2018-08-31,76677.5
2018-09-03,76192.7
2018-09-04,74711.8
2018-09-05,75092.3
2018-09-06,76416.0
2018-09-10,76436.4
2018-09-11,74656.5
2018-09-12,75124.8
2018-09-13,74686.7
2018-09-14,75429.1
2018-09-17,76788.9
2018-09-18,78314.0
2018-09-19,78168.7
2018-09-20,78116.0
2018-09-21,79444.3
2018-09-24,77984.2
2018-09-25,78630.1
2018-09-26,78656.2
2018-09-27,80000.1
2018-09-28,79342.4
2018-10-01,78623.7
2018-10-02,81612.3
2018-10-03,83273.4
2018-10-04,82952.8
2018-10-05,82321.5
2018-10-08,86083.9
2018-10-09,86087.6
2018-10-10,83679.1
2018-10-11,82921.1
2018-10-15,83359.8
2018-10-16,85717.6
2018-10-17,85764.0
2018-10-18,83847.1
2018-10-19,84219.7
2018-10-22,85596.7
2018-10-23,85300.0
2018-10-24,83063.6
2018-10-25,84083.5
2018-10-26,85719.9
2018-10-29,83796.7
2018-10-30,86885.7
2018-10-31,87423.6
2018-11-01,88419.1
2018-11-05,89598.2
2018-11-06,88668.9
2018-11-07,87714.4
2018-11-08,85620.1
2018-11-09,85641.2
2018-11-12,85524.7
2018-11-13,84914.1
2018-11-14,85973.1
2018-11-16,88515.3
2018-11-19,87900.8
2018-11-21,87268.8
2018-11-22,87477.4
2018-11-23,86230.2
2018-11-26,85546.5
2018-11-27,87891.2
2018-11-28,89250.8
2018-11-29,89709.6
2018-11-30,89504.0
2018-12-03,89820.1
2018-12-04,88624.5
2018-12-05,89039.8
2018-12-06,88846.5
2018-12-07,88115.1
2018-12-10,85914.7
2018-12-11,86419.6
2018-12-12,86977.5
2018-12-13,87837.6
2018-12-14,87449.5
2018-12-17,86399.7
2018-12-18,86610.5
2018-12-19,85673.5
2018-12-20,85269.3
2018-12-21,85697.2
2018-12-26,85136.1
2018-12-27,85460.2
2018-12-28,87887.3
2019-01-02,91012.3
2019-01-03,91564.3
2019-01-04,91840.8
2019-01-07,91699.1
2019-01-08,92031.9
2019-01-09,93613.0
2019-01-10,93805.9
2019-01-11,93658.3
2019-01-14,94474.1
2019-01-15,94055.7
2019-01-16,94393.1
2019-01-17,95351.1
2019-01-18,96096.8
2019-01-21,96009.8
2019-01-22,95103.4
2019-01-23,96558.4
2019-01-24,97677.2
2019-01-28,95443.9
2019-01-29,95639.3
2019-01-30,96996.2
2019-01-31,97393.7
2019-02-01,97861.3
2019-02-04,98588.6
2019-02-05,98311.2
2019-02-06,94635.6
2019-02-07,94405.6
2019-02-08,95343.1
2019-02-11,94412.9
2019-02-12,96168.4
2019-02-13,95842.4
2019-02-14,98015.1
2019-02-15,97525.9
2019-02-18,96509.9
2019-02-19,97659.2
2019-02-20,96544.8
2019-02-21,96932.3
2019-02-22,97885.6
2019-02-25,97239.9
2019-02-26,97602.5
2019-02-27,97307.3
2019-02-28,95584.4
2019-03-01,94603.8
2019-03-06,94216.9
2019-03-07,94340.2
2019-03-08,95364.9
2019-03-11,98026.6
2019-03-12,97828.0
2019-03-13,98903.9
2019-03-14,98604.7
2019-03-15,99136.7
2019-03-18,99993.9
2019-03-19,99588.4
2019-03-20,98041.4
2019-03-21,96729.1
2019-03-22,93735.2
2019-03-25,93662.0
2019-03-26,95306.8
2019-03-27,91903.4
2019-03-28,94388.9
2019-03-29,95414.6
2019-04-01,96054.5
2019-04-02,95386.8
2019-04-03,94491.5
2019-04-04,96313.1
2019-04-05,97108.2
2019-04-08,97369.3
2019-04-09,96291.8
2019-04-10,95953.5
2019-04-11,94754.7
2019-04-12,92875.0
2019-04-15,93083.0
2019-04-16,94333.3
2019-04-17,93284.8
2019-04-18,94578.3
2019-04-22,94588.1
2019-04-23,95923.2
2019-04-24,95045.4
2019-04-25,96552.0
2019-04-26,96236.0
2019-04-29,96187.8
2019-04-30,96353.3
2019-05-02,95527.6
2019-05-03,96007.9
2019-05-06,95008.7
2019-05-07,94388.7
2019-05-08,95596.6
2019-05-09,94807.9
2019-05-10,94257.6
2019-05-13,91726.5
2019-05-14,92092.4
2019-05-15,91623.4
2019-05-16,90024.5
2019-05-17,89992.7
2019-05-20,91946.2
2019-05-21,94484.6
2019-05-22,94360.7
2019-05-23,93910.0
2019-05-24,93627.8
2019-05-27,94864.3
2019-05-28,96392.8
2019-05-29,96566.6
2019-05-30,97457.4
2019-05-31,97030.3
2019-06-03,97020.5
2019-06-04,97380.3
2019-06-05,95998.8
2019-06-06,97204.9
2019-06-07,97821.3
2019-06-10,97466.7
2019-06-11,98960.0
2019-06-12,98320.9
2019-06-13,98773.7
2019-06-14,98040.1
2019-06-17,97623.3
2019-06-18,99404.4
2019-06-19,100303.4
2019-06-21,102012.6
2019-06-24,102062.3
2019-06-25,100093.0
2019-06-26,100688.6
2019-06-27,100724.0
2019-06-28,100967.2
2019-07-01,101339.7
2019-07-02,100605.2
2019-07-03,102043.1
2019-07-04,103636.2
2019-07-05,104089.5
2019-07-08,104530.2
2019-07-10,105817.1
2019-07-11,105146.4
2019-07-12,103906.0
2019-07-15,103802.7
2019-07-16,103775.4
2019-07-17,103855.5
2019-07-18,104716.6
2019-07-19,103451.9
2019-07-22,103949.5
2019-07-23,103704.3
2019-07-24,104119.5
2019-07-25,102654.6
2019-07-26,102818.9
2019-07-29,103482.6
2019-07-30,102932.8
2019-07-31,101812.1
2019-08-01,102125.9
2019-08-02,102673.7
2019-08-05,100097.8
2019-08-06,102163.7
2019-08-07,102782.4
2019-08-08,104115.2
2019-08-09,103996.2
2019-08-12,101915.2
2019-08-13,103299.5
2019-08-14,100258.0
2019-08-15,99056.9
2019-08-16,99805.8
2019-08-19,99468.7
2019-08-20,99222.3
2019-08-21,101201.9
2019-08-22,100011.3
2019-08-23,97667.5
2019-08-26,96429.6
2019-08-27,97276.2
2019-08-28,98193.5
2019-08-29,100524.4
2019-08-30,101134.6
2019-09-02,100625.7
2019-09-03,99680.8
2019-09-04,101200.9
2019-09-05,102243.0
2019-09-06,102935.4
2019-09-09,103180.6
2019-09-10,103031.5
2019-09-11,103445.6
2019-09-12,104370.9
2019-09-13,103501.2
2019-09-16,103680.4
2019-09-17,104616.9
2019-09-18,104531.9
2019-09-19,104339.2
2019-09-20,104817.4
2019-09-23,104637.8
2019-09-24,103875.7
2019-09-25,104481.0
2019-09-26,105319.4
2019-09-27,105077.6
2019-09-30,104745.3
2019-10-01,104053.4
2019-10-02,101031.4
2019-10-03,101516.0
2019-10-04,102551.3
2019-10-07,100572.8
2019-10-08,99981.4
2019-10-09,101248.8
2019-10-10,101817.1
2019-10-11,103831.9
2019-10-14,104301.6
2019-10-15,104489.6
2019-10-16,105422.8
2019-10-17,105015.8
2019-10-18,104728.9
2019-10-21,106022.3
2019-10-22,107381.1
2019-10-23,107543.6
2019-10-24,106986.1
2019-10-25,107363.8
2019-10-28,108187.1
2019-10-29,107556.3
2019-10-30,108407.5
2019-10-31,107219.8
2019-11-01,108195.6
2019-11-04,108779.3
2019-11-05,108719.0
2019-11-06,108360.2
2019-11-07,109580.6
2019-11-08,107629.0
2019-11-11,108367.4
2019-11-12,106751.1
2019-11-13,106060.0
2019-11-14,106556.9
2019-11-18,106269.3
2019-11-19,105864.2
2019-11-21,107496.7
2019-11-22,108692.3
2019-11-25,108423.9
2019-11-26,107059.4
2019-11-27,107707.8
2019-11-28,108290.1
2019-11-29,108233.3
2019-12-02,108927.8
2019-12-03,108956.0
2019-12-04,110300.9
2019-12-05,110622.3
2019-12-06,111125.8
2019-12-09,110977.2
2019-12-10,110672.0
2019-12-11,110963.9
2019-12-12,112199.7
2019-12-13,112564.9
2019-12-16,111896.0
2019-12-17,112615.7
2019-12-18,114314.7
2019-12-19,115131.3
2019-12-20,115121.1
2019-12-23,115863.3
2019-12-26,117203.2
2019-12-27,116534.0
2019-12-30,115645.3
,
,
,
,
,
,
,
,
,
,
,
,
,
,
,
,
,
,
,
,
,
,
,
,
,
,
,
,
,
,
,
,
,
,
,
,
,
,
,
,
,
,
,
,
