Date,IBX
2009-12-30,21672.84
2010-01-04,22154.41
2010-01-05,22204.59
2010-01-06,22351.13
2010-01-07,22276.16
2010-01-08,22226.23
2010-01-11,22259.32
2010-01-12,22158.28
2010-01-13,22236.79
2010-01-14,22046.74
2010-01-15,21809.1
2010-01-18,21997.97
2010-01-19,22138.31
2010-01-20,21614.96
2010-01-21,21042.6
2010-01-22,21051.16
2010-01-26,20823.6
2010-01-27,20660.46
2010-01-28,20870.99
2010-01-29,20758.0
2010-02-01,21081.95
2010-02-02,21231.16
2010-02-03,21234.27
2010-02-04,20289.62
2010-02-05,19896.73
2010-02-08,19989.58
2010-02-09,20469.35
2010-02-10,20593.01
2010-02-11,20926.25
2010-02-12,20860.98
2010-02-17,21290.82
2010-02-18,21446.2
2010-02-19,21333.36
2010-02-22,21201.53
2010-02-23,20858.05
2010-02-24,20778.51
2010-02-25,20862.35
2010-02-26,20994.29
2010-03-01,21192.89
2010-03-02,21369.05
2010-03-03,21364.39
2010-03-04,21379.91
2010-03-05,21678.51
2010-03-08,21612.66
2010-03-09,21904.94
2010-03-10,22013.93
2010-03-11,21997.51
2010-03-12,21839.49
2010-03-15,21767.05
2010-03-16,22035.49
2010-03-17,21970.66
2010-03-18,21921.39
2010-03-19,21656.48
2010-03-22,21739.2
2010-03-23,21784.61
2010-03-24,21654.54
2010-03-25,21524.3
2010-03-26,21597.66
2010-03-29,21924.51
2010-03-30,21956.92
2010-03-31,22088.74
2010-04-01,22308.83
2010-04-05,22369.52
2010-04-06,22324.69
2010-04-07,22265.01
2010-04-08,22575.03
2010-04-09,22480.78
2010-04-12,22198.26
2010-04-13,22214.54
2010-04-14,22317.26
2010-04-15,22180.41
2010-04-16,21807.75
2010-04-19,21741.71
2010-04-20,21845.83
2010-04-22,21814.87
2010-04-23,21857.52
2010-04-26,21639.88
2010-04-27,20936.28
2010-04-28,20987.63
2010-04-29,21385.62
2010-04-30,21270.5
2010-05-03,21032.0
2010-05-04,20354.52
2010-05-05,20382.68
2010-05-06,20048.83
2010-05-07,19913.25
2010-05-10,20634.37
2010-05-11,20349.89
2010-05-12,20533.35
2010-05-13,20411.22
2010-05-14,20060.21
2010-05-17,19937.76
2010-05-18,19394.21
2010-05-19,18961.83
2010-05-20,18445.97
2010-05-21,19065.85
2010-05-24,18947.07
2010-05-25,18689.13
2010-05-26,18967.1
2010-05-27,19558.31
2010-05-28,19545.79
2010-05-31,19997.53
2010-06-01,19583.99
2010-06-02,19928.0
2010-06-04,19587.78
2010-06-07,19405.83
2010-06-08,19612.85
2010-06-09,19506.53
2010-06-10,19919.4
2010-06-11,20041.47
2010-06-14,19943.39
2010-06-15,20214.35
2010-06-16,20328.24
2010-06-17,20224.25
2010-06-18,20208.72
2010-06-21,20371.28
2010-06-22,20296.5
2010-06-23,20357.2
2010-06-24,19935.34
2010-06-25,20202.15
2010-06-28,20019.05
2010-06-29,19358.15
2010-06-30,19055.67
2010-07-01,19207.93
2010-07-02,19284.67
2010-07-05,19081.09
2010-07-06,19463.18
2010-07-07,19876.54
2010-07-08,19975.82
2010-07-12,19825.24
2010-07-13,19997.23
2010-07-14,19926.06
2010-07-15,19896.1
2010-07-16,19558.91
2010-07-19,19862.15
2010-07-20,20275.09
2010-07-21,20259.83
2010-07-22,20649.05
2010-07-23,20784.44
2010-07-26,20813.09
2010-07-27,20842.58
2010-07-28,20982.53
2010-07-29,20985.47
2010-07-30,21151.28
2010-08-02,21470.37
2010-08-03,21336.45
2010-08-04,21386.08
2010-08-05,21429.34
2010-08-06,21355.14
2010-08-09,21309.22
2010-08-10,21117.99
2010-08-11,20652.0
2010-08-12,20736.57
2010-08-13,20779.88
2010-08-16,20922.74
2010-08-17,21156.62
2010-08-18,21153.23
2010-08-19,20903.78
2010-08-20,20844.58
2010-08-23,20639.37
2010-08-24,20350.17
2010-08-25,20248.74
2010-08-26,19975.67
2010-08-27,20524.49
2010-08-30,20125.14
2010-08-31,20435.61
2010-09-01,21016.46
2010-09-02,20887.96
2010-09-03,20923.06
2010-09-06,20933.92
2010-09-08,20779.11
2010-09-09,20781.29
2010-09-10,20800.16
2010-09-13,21227.28
2010-09-14,21112.34
2010-09-15,21224.85
2010-09-16,21107.5
2010-09-17,20959.4
2010-09-20,21276.89
2010-09-21,21092.84
2010-09-22,21226.46
2010-09-23,21385.49
2010-09-24,21256.21
2010-09-27,21470.89
2010-09-28,21595.17
2010-09-29,21773.42
2010-09-30,21852.36
2010-10-01,22078.53
2010-10-04,22119.61
2010-10-05,22369.95
2010-10-06,22038.07
2010-10-07,21952.53
2010-10-08,22267.47
2010-10-11,22291.93
2010-10-13,22483.97
2010-10-14,22491.97
2010-10-15,22506.41
2010-10-18,22531.01
2010-10-19,21985.5
2010-10-20,22141.23
2010-10-21,21890.93
2010-10-22,21889.82
2010-10-25,22014.56
2010-10-26,22373.76
2010-10-27,22235.82
2010-10-28,22131.44
2010-10-29,22218.87
2010-11-01,22539.78
2010-11-03,22661.77
2010-11-04,23063.66
2010-11-05,22976.98
2010-11-08,23055.29
2010-11-09,22743.63
2010-11-10,22763.61
2010-11-11,22542.28
2010-11-12,22282.43
2010-11-16,21920.43
2010-11-17,22020.76
2010-11-18,22365.27
2010-11-19,22428.45
2010-11-22,22068.33
2010-11-23,21592.74
2010-11-24,22059.54
2010-11-25,21948.59
2010-11-26,21672.85
2010-11-29,21609.23
2010-11-30,21494.23
2010-12-01,21992.9
2010-12-02,22078.08
2010-12-03,22107.87
2010-12-06,22038.07
2010-12-07,21922.7
2010-12-08,21645.18
2010-12-09,21602.92
2010-12-10,21734.26
2010-12-13,21987.47
2010-12-14,21923.97
2010-12-15,21689.46
2010-12-16,21571.88
2010-12-17,21777.01
2010-12-20,21547.58
2010-12-21,21823.93
2010-12-22,21938.2
2010-12-23,21946.24
2010-12-27,21736.88
2010-12-28,21819.81
2010-12-29,22089.63
2010-12-30,22239.51
2011-01-03,22437.63
2011-01-04,22554.08
2011-01-05,22818.78
2011-01-06,22609.34
2011-01-07,22380.04
2011-01-10,22434.14
2011-01-11,22554.33
2011-01-12,22942.14
2011-01-13,22627.45
2011-01-14,22729.53
2011-01-17,22648.45
2011-01-18,22703.43
2011-01-19,22408.57
2011-01-20,22216.09
2011-01-21,22110.28
2011-01-24,22235.48
2011-01-26,22054.63
2011-01-27,21907.82
2011-01-28,21488.81
2011-01-31,21462.33
2011-02-01,21810.38
2011-02-02,21556.47
2011-02-03,21559.12
2011-02-04,21106.92
2011-02-07,21152.11
2011-02-08,21248.28
2011-02-09,20742.38
2011-02-10,20834.47
2011-02-11,21221.55
2011-02-14,21475.93
2011-02-15,21531.68
2011-02-16,21902.21
2011-02-17,21929.39
2011-02-18,22009.02
2011-02-21,21770.81
2011-02-22,21533.68
2011-02-23,21732.55
2011-02-24,21659.28
2011-02-25,21701.31
2011-02-28,21891.84
2011-03-01,21593.38
2011-03-02,21905.4
2011-03-03,22126.44
2011-03-04,22107.22
2011-03-09,21808.46
2011-03-10,21357.42
2011-03-11,21565.43
2011-03-14,21699.81
2011-03-15,21633.56
2011-03-16,21264.58
2011-03-17,21391.08
2011-03-18,21582.0
2011-03-21,21621.44
2011-03-22,21916.66
2011-03-23,21997.35
2011-03-24,21931.96
2011-03-25,21990.17
2011-03-28,21839.81
2011-03-29,21939.38
2011-03-30,22142.67
2011-03-31,22385.5
2011-04-01,22584.59
2011-04-04,22625.97
2011-04-05,22636.89
2011-04-06,22427.73
2011-04-07,22402.22
2011-04-08,22218.48
2011-04-11,22069.34
2011-04-12,21690.22
2011-04-13,21543.56
2011-04-14,21486.81
2011-04-15,21607.46
2011-04-18,21297.38
2011-04-19,21510.75
2011-04-20,21821.88
2011-04-25,21817.98
2011-04-26,21894.17
2011-04-27,21640.61
2011-04-28,21418.35
2011-04-29,21561.98
2011-05-02,21419.19
2011-05-03,21076.49
2011-05-04,20913.3
2011-05-05,20904.03
2011-05-06,21149.87
2011-05-09,21243.33
2011-05-10,21306.57
2011-05-11,20977.1
2011-05-12,21002.32
2011-05-13,20723.61
2011-05-16,20667.54
2011-05-17,20856.42
2011-05-18,20632.3
2011-05-19,20538.55
2011-05-20,20602.47
2011-05-23,20505.25
2011-05-24,20782.35
2011-05-25,20761.27
2011-05-26,21007.92
2011-05-27,21064.46
2011-05-30,20942.31
2011-05-31,21071.64
2011-06-01,20793.0
2011-06-02,20953.11
2011-06-03,20957.44
2011-06-06,20614.47
2011-06-07,20669.14
2011-06-08,20628.61
2011-06-09,20717.76
2011-06-10,20523.49
2011-06-13,20328.95
2011-06-14,20465.84
2011-06-15,20340.82
2011-06-16,20177.7
2011-06-17,20177.15
2011-06-20,20223.75
2011-06-21,20322.88
2011-06-22,20304.13
2011-06-24,20244.73
2011-06-27,20287.08
2011-06-28,20627.74
2011-06-29,20660.36
2011-06-30,20745.41
2011-07-01,21007.38
2011-07-04,21129.28
2011-07-05,20932.5
2011-07-06,20789.05
2011-07-07,20670.78
2011-07-08,20439.11
2011-07-11,20060.05
2011-07-12,19894.8
2011-07-13,20190.25
2011-07-14,19889.55
2011-07-15,19807.83
2011-07-18,19635.44
2011-07-19,19709.53
2011-07-20,19715.25
2011-07-21,20015.29
2011-07-22,20023.09
2011-07-25,19952.8
2011-07-26,19842.24
2011-07-27,19548.18
2011-07-28,19670.23
2011-07-29,19705.01
2011-08-01,19656.06
2011-08-02,19216.84
2011-08-03,18822.28
2011-08-04,17868.5
2011-08-05,17863.43
2011-08-08,16453.08
2011-08-09,17201.78
2011-08-10,17282.56
2011-08-11,17854.79
2011-08-12,17906.45
2011-08-15,18298.49
2011-08-16,18211.62
2011-08-17,18447.16
2011-08-18,17871.2
2011-08-19,17580.29
2011-08-22,17532.37
2011-08-23,17927.64
2011-08-24,17933.79
2011-08-25,17742.66
2011-08-26,17852.48
2011-08-29,18329.26
2011-08-30,18486.04
2011-08-31,18884.47
2011-09-01,19381.84
2011-09-02,18936.79
2011-09-05,18457.19
2011-09-06,18903.86
2011-09-08,19210.02
2011-09-09,18699.72
2011-09-12,18668.56
2011-09-13,18642.52
2011-09-14,18866.88
2011-09-15,18945.69
2011-09-16,19178.9
2011-09-19,19212.63
2011-09-20,19097.26
2011-09-21,18995.11
2011-09-22,18139.21
2011-09-23,18021.06
2011-09-26,18202.91
2011-09-27,18323.41
2011-09-28,18173.01
2011-09-29,18228.49
2011-09-30,18025.46
2011-10-03,17580.62
2011-10-04,17478.75
2011-10-05,17570.8
2011-10-06,17929.15
2011-10-07,17598.68
2011-10-10,18191.08
2011-10-11,18323.77
2011-10-13,18570.69
2011-10-14,18688.1
2011-10-17,18428.68
2011-10-18,18701.81
2011-10-19,18660.05
2011-10-20,18389.71
2011-10-21,18754.14
2011-10-24,19194.98
2011-10-25,19035.89
2011-10-26,19268.99
2011-10-27,19776.86
2011-10-28,19860.55
2011-10-31,19618.15
2011-11-01,19359.22
2011-11-03,19677.42
2011-11-04,19809.38
2011-11-07,19997.32
2011-11-08,19909.64
2011-11-09,19500.87
2011-11-10,19397.64
2011-11-11,19733.89
2011-11-14,19720.3
2011-11-16,19858.69
2011-11-17,19347.59
2011-11-18,19252.4
2011-11-21,19121.63
2011-11-22,19009.36
2011-11-23,18749.0
2011-11-24,18848.01
2011-11-25,18689.88
2011-11-28,19017.84
2011-11-29,18832.45
2011-11-30,19410.83
2011-12-01,19813.26
2011-12-02,19760.35
2011-12-05,20051.85
2011-12-06,20231.07
2011-12-07,19986.49
2011-12-08,19685.75
2011-12-09,19906.11
2011-12-12,19673.09
2011-12-13,19731.27
2011-12-14,19466.65
2011-12-15,19360.73
2011-12-16,19325.46
2011-12-19,19178.4
2011-12-20,19697.49
2011-12-21,19646.92
2011-12-22,19853.16
2011-12-23,19977.3
2011-12-26,19934.63
2011-12-27,20044.15
2011-12-28,19603.66
2011-12-29,19706.12
2012-01-02,19889.39
2012-01-03,20324.96
2012-01-04,20350.52
2012-01-05,20128.43
2012-01-06,20127.44
2012-01-09,20244.62
2012-01-10,20372.92
2012-01-11,20405.22
2012-01-12,20407.98
2012-01-13,20274.41
2012-01-16,20520.64
2012-01-17,20717.46
2012-01-18,21059.7
2012-01-19,21083.98
2012-01-20,21140.7
2012-01-23,21178.49
2012-01-24,21236.8
2012-01-26,21287.13
2012-01-27,21232.95
2012-01-30,21199.59
2012-01-31,21267.93
2012-02-01,21630.16
2012-02-02,21588.81
2012-02-03,21735.92
2012-02-06,21766.19
2012-02-07,21984.46
2012-02-08,21967.12
2012-02-09,21908.61
2012-02-10,21409.59
2012-02-13,21861.92
2012-02-14,21589.57
2012-02-15,21586.77
2012-02-16,21848.55
2012-02-17,21906.91
2012-02-22,21908.31
2012-02-23,21832.52
2012-02-24,21956.88
2012-02-27,21806.7
2012-02-28,22035.68
2012-02-29,22086.48
2012-03-01,22415.93
2012-03-02,22671.54
2012-03-05,22389.88
2012-03-06,21816.76
2012-03-07,22085.21
2012-03-08,22350.83
2012-03-09,22424.1
2012-03-12,22302.89
2012-03-13,22857.99
2012-03-14,22872.31
2012-03-15,22714.77
2012-03-16,22743.91
2012-03-19,22787.33
2012-03-20,22618.29
2012-03-21,22544.74
2012-03-22,22242.29
2012-03-23,22247.0
2012-03-26,22624.14
2012-03-27,22518.47
2012-03-28,22134.26
2012-03-29,22092.58
2012-03-30,22035.94
2012-04-02,22319.22
2012-04-03,22019.62
2012-04-04,21644.79
2012-04-05,21645.8
2012-04-09,21415.35
2012-04-10,21156.55
2012-04-11,21136.21
2012-04-12,21700.21
2012-04-13,21392.14
2012-04-16,21310.44
2012-04-17,21486.98
2012-04-18,21645.42
2012-04-19,21588.05
2012-04-20,21630.29
2012-04-23,21400.75
2012-04-24,21468.23
2012-04-25,21299.09
2012-04-26,21442.49
2012-04-27,21410.32
2012-04-30,21489.49
2012-05-02,21618.22
2012-05-03,21443.14
2012-05-04,21036.61
2012-05-07,21167.58
2012-05-08,20894.22
2012-05-09,20738.12
2012-05-10,20769.28
2012-05-11,20650.69
2012-05-14,20164.65
2012-05-15,19874.01
2012-05-16,19781.55
2012-05-17,19203.64
2012-05-18,19364.59
2012-05-21,20055.92
2012-05-22,19767.6
2012-05-23,19528.14
2012-05-24,19290.57
2012-05-25,19340.21
2012-05-28,19560.27
2012-05-29,19500.28
2012-05-30,19304.38
2012-05-31,19640.07
2012-06-01,19309.34
2012-06-04,19295.78
2012-06-05,19050.01
2012-06-06,19615.23
2012-06-08,19604.24
2012-06-11,19482.33
2012-06-12,19846.16
2012-06-13,19947.46
2012-06-14,19837.61
2012-06-15,20029.3
2012-06-18,20154.79
2012-06-19,20546.9
2012-06-20,20512.16
2012-06-21,19959.85
2012-06-22,19915.0
2012-06-25,19388.32
2012-06-26,19472.78
2012-06-27,19399.51
2012-06-28,19327.34
2012-06-29,19813.53
2012-07-02,19871.09
2012-07-03,20244.13
2012-07-04,20319.82
2012-07-05,20459.42
2012-07-06,20188.05
2012-07-10,19639.45
2012-07-11,19600.9
2012-07-12,19553.09
2012-07-13,19865.53
2012-07-16,19680.99
2012-07-17,19756.61
2012-07-18,19941.74
2012-07-19,20141.93
2012-07-20,19845.5
2012-07-23,19504.05
2012-07-24,19389.75
2012-07-25,19424.97
2012-07-26,19823.78
2012-07-27,20607.35
2012-07-30,20799.22
2012-07-31,20428.95
2012-08-01,20467.09
2012-08-02,20240.34
2012-08-03,20690.21
2012-08-06,20972.83
2012-08-07,20913.98
2012-08-08,21263.77
2012-08-09,21170.51
2012-08-10,21318.15
2012-08-13,21240.0
2012-08-14,21004.55
2012-08-15,21034.0
2012-08-16,21336.15
2012-08-17,21221.62
2012-08-20,21233.69
2012-08-21,21068.27
2012-08-22,21201.42
2012-08-23,20979.05
2012-08-24,20939.98
2012-08-27,20865.36
2012-08-28,20903.46
2012-08-29,20570.39
2012-08-30,20502.5
2012-08-31,20397.09
2012-09-03,20513.63
2012-09-04,20216.16
2012-09-05,20413.86
2012-09-06,20870.83
2012-09-10,20875.92
2012-09-11,21098.18
2012-09-12,21155.29
2012-09-13,21705.16
2012-09-14,21868.79
2012-09-17,21873.26
2012-09-18,21800.04
2012-09-19,21687.7
2012-09-20,21691.76
2012-09-21,21636.67
2012-09-24,21765.57
2012-09-25,21254.05
2012-09-26,21265.75
2012-09-27,21223.83
2012-09-28,20965.76
2012-10-01,21124.89
2012-10-02,21131.85
2012-10-03,20899.18
2012-10-04,20960.61
2012-10-05,21049.28
2012-10-08,21257.82
2012-10-09,21054.7
2012-10-10,20911.66
2012-10-11,21144.56
2012-10-15,21238.8
2012-10-16,21368.07
2012-10-17,21420.78
2012-10-18,21370.61
2012-10-19,21129.56
2012-10-22,21033.58
2012-10-23,20709.01
2012-10-24,20667.75
2012-10-25,20922.06
2012-10-26,20848.75
2012-10-29,20819.76
2012-10-30,20954.67
2012-10-31,20741.23
2012-11-01,21159.45
2012-11-05,21144.35
2012-11-06,21417.01
2012-11-07,21122.5
2012-11-08,20786.73
2012-11-09,20747.97
2012-11-12,20629.7
2012-11-13,20819.34
2012-11-14,20477.9
2012-11-16,20314.65
2012-11-19,20590.85
2012-11-21,20596.18
2012-11-22,20647.72
2012-11-23,21007.55
2012-11-26,20792.61
2012-11-27,20602.12
2012-11-28,20672.31
2012-11-29,20992.56
2012-11-30,20980.93
2012-12-03,21195.37
2012-12-04,20994.94
2012-12-05,21030.58
2012-12-06,20998.94
2012-12-07,21180.0
2012-12-10,21411.57
2012-12-11,21618.87
2012-12-12,21579.59
2012-12-13,21541.81
2012-12-14,21691.71
2012-12-17,21712.44
2012-12-18,21935.29
2012-12-19,22185.57
2012-12-20,22180.12
2012-12-21,22151.75
2012-12-26,21993.48
2012-12-27,21836.54
2012-12-28,21982.33
2013-01-02,22447.34
2013-01-03,22761.82
2013-01-04,22595.6
2013-01-07,22369.85
2013-01-08,22177.57
2013-01-09,22383.48
2013-01-10,22393.89
2013-01-11,22294.44
2013-01-14,22427.99
2013-01-15,22292.29
2013-01-16,22399.04
2013-01-17,22574.57
2013-01-18,22525.36
2013-01-21,22507.17
2013-01-22,22551.2
2013-01-23,22551.15
2013-01-24,22399.72
2013-01-28,22030.61
2013-01-29,22129.05
2013-01-30,21811.17
2013-01-31,22032.57
2013-02-01,22164.88
2013-02-04,21957.43
2013-02-05,21902.26
2013-02-06,21748.81
2013-02-07,21538.34
2013-02-08,21607.68
2013-02-13,21590.05
2013-02-14,21475.35
2013-02-15,21558.77
2013-02-18,21563.56
2013-02-19,21486.44
2013-02-20,21143.28
2013-02-21,21046.35
2013-02-22,21201.73
2013-02-25,21155.02
2013-02-26,21181.87
2013-02-27,21242.9
2013-02-28,21395.64
2013-03-01,21331.51
2013-03-04,21187.1
2013-03-05,21137.06
2013-03-06,21801.9
2013-03-07,21952.43
2013-03-08,21936.79
2013-03-11,21999.27
2013-03-12,21830.03
2013-03-13,21643.85
2013-03-14,21697.02
2013-03-15,21599.9
2013-03-18,21601.71
2013-03-19,21401.84
2013-03-20,21365.45
2013-03-21,21204.04
2013-03-22,21115.38
2013-03-25,20994.04
2013-03-26,21226.71
2013-03-27,21356.29
2013-03-28,21531.88
2013-04-01,21361.44
2013-04-02,21092.36
2013-04-03,21315.15
2013-04-04,21002.23
2013-04-05,21073.96
2013-04-08,21048.5
2013-04-09,21424.66
2013-04-10,21552.77
2013-04-11,21341.1
2013-04-12,21170.73
2013-04-15,20515.69
2013-04-16,20932.55
2013-04-17,20593.3
2013-04-18,20667.42
2013-04-19,20938.5
2013-04-22,21023.3
2013-04-23,21326.87
2013-04-24,21328.88
2013-04-25,21289.3
2013-04-26,20971.34
2013-04-29,21177.71
2013-04-30,21700.22
2013-05-02,21544.57
2013-05-03,21610.63
2013-05-06,21612.7
2013-05-07,21927.95
2013-05-08,21889.85
2013-05-09,21910.54
2013-05-10,21804.34
2013-05-13,21535.62
2013-05-14,21628.04
2013-05-15,21702.17
2013-05-16,21640.57
2013-05-17,21822.91
2013-05-20,22060.25
2013-05-21,22191.94
2013-05-22,22180.96
2013-05-23,22035.58
2013-05-24,22012.59
2013-05-27,21987.06
2013-05-28,22029.82
2013-05-29,21652.66
2013-05-31,21510.81
2013-06-03,21517.33
2013-06-04,21487.75
2013-06-05,21024.39
2013-06-06,21066.41
2013-06-07,20747.75
2013-06-10,20665.11
2013-06-11,20144.63
2013-06-12,19953.18
2013-06-13,20242.75
2013-06-14,19909.74
2013-06-17,20019.1
2013-06-18,20062.82
2013-06-19,19620.23
2013-06-20,19575.13
2013-06-21,19235.89
2013-06-24,18777.19
2013-06-25,18992.17
2013-06-26,19122.59
2013-06-27,19400.75
2013-06-28,19560.37
2013-07-01,19621.15
2013-07-02,18922.14
2013-07-03,18872.92
2013-07-04,19048.89
2013-07-05,18790.25
2013-07-08,18739.41
2013-07-10,18906.47
2013-07-11,19398.58
2013-07-12,19144.36
2013-07-15,19458.3
2013-07-16,19538.73
2013-07-17,19707.25
2013-07-18,19727.78
2013-07-19,19578.75
2013-07-22,19960.15
2013-07-23,20092.27
2013-07-24,19951.59
2013-07-25,20125.77
2013-07-26,20153.62
2013-07-29,20059.09
2013-07-30,19910.68
2013-07-31,19900.2
2013-08-01,20280.43
2013-08-02,20119.76
2013-08-05,20026.13
2013-08-06,19655.32
2013-08-07,19660.67
2013-08-08,20118.55
2013-08-09,20370.88
2013-08-12,20452.02
2013-08-13,20580.09
2013-08-14,20582.21
2013-08-15,20617.58
2013-08-16,20730.7
2013-08-19,20649.84
2013-08-20,20252.28
2013-08-21,20190.47
2013-08-22,20488.67
2013-08-23,20724.23
2013-08-26,20474.49
2013-08-27,20059.93
2013-08-28,19977.77
2013-08-29,20093.37
2013-08-30,20271.53
2013-09-02,20586.7
2013-09-03,20340.27
2013-09-04,20454.96
2013-09-05,20707.02
2013-09-06,20916.43
2013-09-09,21384.75
2013-09-10,21520.48
2013-09-11,21443.58
2013-09-12,21219.82
2013-09-13,21374.15
2013-09-16,21444.47
2013-09-17,21525.27
2013-09-18,21919.05
2013-09-19,21891.74
2013-09-20,21533.69
2013-09-23,21694.92
2013-09-24,21641.01
2013-09-25,21618.55
2013-09-26,21615.81
2013-09-27,21696.55
2013-09-30,21281.05
2013-10-01,21546.04
2013-10-02,21527.94
2013-10-03,21354.03
2013-10-04,21498.15
2013-10-07,21456.4
2013-10-08,21323.29
2013-10-09,21401.14
2013-10-10,21577.02
2013-10-11,21671.72
2013-10-14,21943.96
2013-10-15,21941.5
2013-10-16,21960.72
2013-10-17,21989.43
2013-10-18,22054.8
2013-10-21,22232.45
2013-10-22,22364.93
2013-10-23,22065.98
2013-10-24,21991.18
2013-10-25,21954.17
2013-10-28,22254.55
2013-10-29,22223.12
2013-10-30,22270.31
2013-10-31,22422.2
2013-11-01,22354.91
2013-11-04,22541.86
2013-11-05,22362.68
2013-11-06,22300.5
2013-11-07,22061.35
2013-11-08,21830.63
2013-11-11,21983.14
2013-11-12,21680.84
2013-11-13,21827.63
2013-11-14,22260.08
2013-11-18,22562.02
2013-11-19,22136.71
2013-11-21,22017.82
2013-11-22,22011.52
2013-11-25,21789.19
2013-11-26,21562.82
2013-11-27,21732.62
2013-11-28,21713.96
2013-11-29,21970.96
2013-12-02,21458.74
2013-12-03,21128.17
2013-12-04,20940.67
2013-12-05,21105.09
2013-12-06,21091.49
2013-12-09,21191.73
2013-12-10,21078.89
2013-12-11,20736.99
2013-12-12,20724.98
2013-12-13,20704.87
2013-12-16,20802.88
2013-12-17,20737.62
2013-12-18,20824.38
2013-12-19,21185.76
2013-12-20,21056.2
2013-12-23,21120.3
2013-12-26,21078.25
2013-12-27,21162.64
2013-12-30,21294.4
2014-01-02,21006.71
2014-01-03,20874.1
2014-01-06,20879.43
2014-01-07,20716.45
2014-01-08,20766.26
2014-01-09,20257.89
2014-01-10,20386.01
2014-01-13,20262.2
2014-01-14,20387.46
2014-01-15,20529.58
2014-01-16,20350.67
2014-01-17,20138.77
2014-01-20,19966.77
2014-01-21,19934.68
2014-01-22,20214.99
2014-01-23,19805.63
2014-01-24,19604.63
2014-01-27,19560.77
2014-01-28,19625.34
2014-01-29,19519.71
2014-01-30,19389.36
2014-01-31,19559.61
2014-02-03,18961.09
2014-02-04,19287.66
2014-02-05,19136.07
2014-02-06,19586.73
2014-02-07,19721.75
2014-02-10,19568.03
2014-02-11,19867.64
2014-02-12,19756.78
2014-02-13,19616.73
2014-02-14,19775.96
2014-02-17,19541.64
2014-02-18,19198.08
2014-02-19,19427.37
2014-02-20,19463.39
2014-02-21,19519.98
2014-02-24,19549.72
2014-02-25,19284.77
2014-02-26,19268.02
2014-02-27,19651.79
2014-02-28,19497.39
2014-03-05,19320.41
2014-03-06,19530.63
2014-03-07,19213.38
2014-03-10,18945.1
2014-03-11,19021.13
2014-03-12,19072.1
2014-03-13,18889.76
2014-03-14,18685.2
2014-03-17,18803.25
2014-03-18,19205.12
2014-03-19,19346.94
2014-03-20,19617.33
2014-03-21,19665.88
2014-03-24,19917.59
2014-03-25,19984.88
2014-03-26,19939.96
2014-03-27,20587.76
2014-03-28,20603.2
2014-03-31,20841.73
2014-04-01,20818.86
2014-04-02,21368.72
2014-04-03,21254.29
2014-04-04,21103.31
2014-04-07,21517.22
2014-04-08,21300.45
2014-04-09,21153.92
2014-04-10,21169.46
2014-04-11,21493.06
2014-04-14,21379.04
2014-04-15,20958.42
2014-04-16,21265.17
2014-04-17,21617.9
2014-04-22,21578.81
2014-04-23,21408.3
2014-04-24,21484.97
2014-04-25,21348.32
2014-04-28,21342.35
2014-04-29,21508.56
2014-04-30,21406.3
2014-05-02,21839.04
2014-05-05,22037.43
2014-05-06,22173.76
2014-05-07,22272.42
2014-05-08,22040.27
2014-05-09,21912.33
2014-05-12,22284.48
2014-05-13,22229.36
2014-05-14,22426.29
2014-05-15,22193.66
2014-05-16,22236.33
2014-05-19,21984.27
2014-05-20,21593.95
2014-05-21,21541.16
2014-05-22,21780.34
2014-05-23,21704.56
2014-05-26,21824.18
2014-05-27,21510.27
2014-05-28,21695.41
2014-05-29,21556.91
2014-05-30,21167.57
2014-06-02,21313.58
2014-06-03,21497.61
2014-06-04,21417.92
2014-06-05,21314.95
2014-06-06,21928.38
2014-06-09,22380.69
2014-06-10,22523.51
2014-06-11,22700.72
2014-06-13,22575.15
2014-06-16,22501.55
2014-06-17,22378.5
2014-06-18,22746.13
2014-06-20,22524.63
2014-06-23,22341.81
2014-06-24,22371.14
2014-06-25,22030.69
2014-06-26,22063.57
2014-06-27,21924.08
2014-06-30,21934.98
2014-07-01,21933.34
2014-07-02,21867.3
2014-07-03,22200.22
2014-07-04,22279.17
2014-07-07,22170.95
2014-07-08,22101.56
2014-07-10,22451.71
2014-07-11,22538.41
2014-07-14,22900.06
2014-07-15,22978.72
2014-07-16,22885.63
2014-07-17,22857.81
2014-07-18,23390.67
2014-07-21,23659.27
2014-07-22,23802.77
2014-07-23,23576.17
2014-07-24,23792.69
2014-07-25,23725.27
2014-07-28,23674.64
2014-07-29,23446.93
2014-07-30,23336.45
2014-07-31,22913.07
2014-08-01,22943.73
2014-08-04,23230.4
2014-08-05,23067.82
2014-08-06,23166.13
2014-08-07,23053.99
2014-08-08,22826.75
2014-08-11,23246.54
2014-08-12,23188.51
2014-08-13,22878.24
2014-08-14,22951.0
2014-08-15,23408.32
2014-08-18,23639.72
2014-08-19,23981.01
2014-08-20,24145.43
2014-08-21,24195.08
2014-08-22,23967.01
2014-08-25,24497.25
2014-08-26,24530.77
2014-08-27,24974.47
2014-08-28,24714.16
2014-08-29,25110.33
2014-09-01,25044.48
2014-09-02,25333.2
2014-09-03,25324.1
2014-09-04,24923.91
2014-09-05,24883.36
2014-09-08,24297.22
2014-09-09,24078.76
2014-09-10,23893.78
2014-09-11,23953.09
2014-09-12,23385.27
2014-09-15,23770.58
2014-09-16,24228.26
2014-09-17,24231.3
2014-09-18,23949.16
2014-09-19,23717.99
2014-09-22,23324.96
2014-09-23,23216.88
2014-09-24,23334.27
2014-09-25,22993.93
2014-09-26,23488.58
2014-09-29,22475.27
2014-09-30,22286.43
2014-10-01,21781.64
2014-10-02,22026.25
2014-10-03,22436.81
2014-10-06,23438.87
2014-10-07,23565.86
2014-10-08,23416.34
2014-10-09,23495.13
2014-10-10,22722.14
2014-10-13,23746.09
2014-10-14,23771.08
2014-10-15,23027.99
2014-10-16,22311.25
2014-10-17,22868.83
2014-10-20,22308.9
2014-10-21,21562.37
2014-10-22,21550.57
2014-10-23,20876.76
2014-10-24,21361.75
2014-10-27,20816.37
2014-10-28,21560.48
2014-10-29,21068.37
2014-10-30,21578.7
2014-10-31,22497.78
2014-11-03,22238.69
2014-11-04,22404.45
2014-11-05,22137.18
2014-11-06,21716.38
2014-11-07,21946.15
2014-11-10,21756.56
2014-11-11,21661.74
2014-11-12,21858.5
2014-11-13,21409.6
2014-11-14,21383.24
2014-11-17,21173.61
2014-11-18,21505.74
2014-11-19,22032.36
2014-11-21,23080.85
2014-11-24,22829.11
2014-11-25,22881.76
2014-11-26,22697.08
2014-11-27,22562.88
2014-11-28,22567.86
2014-12-01,21598.42
2014-12-02,21342.25
2014-12-03,21617.0
2014-12-04,21258.28
2014-12-05,21468.77
2014-12-08,20794.32
2014-12-09,20745.66
2014-12-10,20498.75
2014-12-11,20624.14
2014-12-12,19880.2
2014-12-15,19486.56
2014-12-16,19463.37
2014-12-17,20147.11
2014-12-18,20071.57
2014-12-19,20545.45
2014-12-22,20729.47
2014-12-23,21029.14
2014-12-26,20740.65
2014-12-29,20933.06
2014-12-30,20702.53
2015-01-02,20117.09
2015-01-05,19711.89
2015-01-06,19883.88
2015-01-07,20464.78
2015-01-08,20632.89
2015-01-09,20186.02
2015-01-12,19931.07
2015-01-13,19877.25
2015-01-14,19740.88
2015-01-15,19873.4
2015-01-16,20276.72
2015-01-19,19781.99
2015-01-20,19820.84
2015-01-21,20350.16
2015-01-22,20435.34
2015-01-23,20181.64
2015-01-26,20096.06
2015-01-27,20100.97
2015-01-28,19772.87
2015-01-29,19814.06
2015-01-30,19485.08
2015-02-02,19770.16
2015-02-03,20270.11
2015-02-04,20389.08
2015-02-05,20386.8
2015-02-06,20216.04
2015-02-09,20449.37
2015-02-10,20120.55
2015-02-11,19990.93
2015-02-12,20491.34
2015-02-13,20909.3
2015-02-18,21179.17
2015-02-19,21199.11
2015-02-20,21161.08
2015-02-23,21188.26
2015-02-24,21427.62
2015-02-25,21410.86
2015-02-26,21405.86
2015-02-27,21302.1
2015-03-02,21090.98
2015-03-03,21208.54
2015-03-04,20880.31
2015-03-05,20845.74
2015-03-06,20686.93
2015-03-09,20374.83
2015-03-10,20022.13
2015-03-11,20269.0
2015-03-12,20284.32
2015-03-13,20162.75
2015-03-16,20249.32
2015-03-17,20794.2
2015-03-18,21296.35
2015-03-19,21082.17
2015-03-20,21471.9
2015-03-23,21441.14
2015-03-24,21293.94
2015-03-25,21428.75
2015-03-26,20932.2
2015-03-27,20760.07
2015-03-30,21217.5
2015-03-31,21194.72
2015-04-01,21656.06
2015-04-02,21969.07
2015-04-06,22228.6
2015-04-07,22216.41
2015-04-08,22199.82
2015-04-09,22238.93
2015-04-10,22386.68
2015-04-13,22392.77
2015-04-14,22303.83
2015-04-15,22647.0
2015-04-16,22549.31
2015-04-17,22267.45
2015-04-20,22191.13
2015-04-22,22507.53
2015-04-23,22913.43
2015-04-24,23242.73
2015-04-27,22838.66
2015-04-28,22922.89
2015-04-29,22787.9
2015-04-30,23126.62
2015-05-04,23572.79
2015-05-05,23847.65
2015-05-06,23503.42
2015-05-07,23440.01
2015-05-08,23550.72
2015-05-11,23573.4
2015-05-12,23415.49
2015-05-13,23246.44
2015-05-14,23383.69
2015-05-15,23634.58
2015-05-18,23228.29
2015-05-19,22966.89
2015-05-20,22731.24
2015-05-21,22810.06
2015-05-22,22520.63
2015-05-25,22616.98
2015-05-26,22205.5
2015-05-27,22447.87
2015-05-28,22333.9
2015-05-29,21861.23
2015-06-01,21980.89
2015-06-02,22457.66
2015-06-03,22179.24
2015-06-05,21983.69
2015-06-08,21914.61
2015-06-09,21918.25
2015-06-10,22324.83
2015-06-11,22246.14
2015-06-12,22109.67
2015-06-15,22022.58
2015-06-16,22244.83
2015-06-17,22075.81
2015-06-18,22449.79
2015-06-19,22271.23
2015-06-22,22330.93
2015-06-23,22298.58
2015-06-24,22311.09
2015-06-25,22059.09
2015-06-26,22390.21
2015-06-29,21984.73
2015-06-30,22028.63
2015-07-01,21919.63
2015-07-02,22072.61
2015-07-03,21865.82
2015-07-06,21726.54
2015-07-07,21822.13
2015-07-08,21592.6
2015-07-10,21903.14
2015-07-13,22103.18
2015-07-14,22161.17
2015-07-15,22048.19
2015-07-16,22105.15
2015-07-17,21815.21
2015-07-20,21533.7
2015-07-21,21496.87
2015-07-22,21284.08
2015-07-23,20834.04
2015-07-24,20607.44
2015-07-27,20407.68
2015-07-28,20720.91
2015-07-29,20973.26
2015-07-30,20855.49
2015-07-31,21270.68
2015-08-03,20991.67
2015-08-04,20972.66
2015-08-05,21045.12
2015-08-06,20912.05
2015-08-07,20345.08
2015-08-10,20636.38
2015-08-11,20526.72
2015-08-12,20240.17
2015-08-13,20096.2
2015-08-14,19899.42
2015-08-17,19787.08
2015-08-18,19884.15
2015-08-19,19523.42
2015-08-20,19523.47
2015-08-21,19138.24
2015-08-24,18576.75
2015-08-25,18675.9
2015-08-26,19277.2
2015-08-27,19938.59
2015-08-28,19735.71
2015-08-31,19515.71
2015-09-01,19042.02
2015-09-02,19420.41
2015-09-03,19788.85
2015-09-04,19447.16
2015-09-08,19526.44
2015-09-09,19466.95
2015-09-10,19398.09
2015-09-11,19365.46
2015-09-14,19722.64
2015-09-15,19773.79
2015-09-16,20242.77
2015-09-17,20257.14
2015-09-18,19745.61
2015-09-21,19468.86
2015-09-22,19351.64
2015-09-23,18992.07
2015-09-24,18969.96
2015-09-25,18801.35
2015-09-28,18471.33
2015-09-29,18546.31
2015-09-30,18910.0
2015-10-01,19014.13
2015-10-02,19695.16
2015-10-05,19937.97
2015-10-06,19960.33
2015-10-07,20395.01
2015-10-08,20445.05
2015-10-09,20535.91
2015-10-13,19779.74
2015-10-14,19501.62
2015-10-15,19704.19
2015-10-16,19756.62
2015-10-19,19840.37
2015-10-20,19722.24
2015-10-21,19708.1
2015-10-22,20001.68
2015-10-23,19935.45
2015-10-26,19780.17
2015-10-27,19729.92
2015-10-28,19592.67
2015-10-29,19133.24
2015-10-30,19166.54
2015-11-03,19993.43
2015-11-04,19863.08
2015-11-05,20024.16
2015-11-06,19565.99
2015-11-09,19276.22
2015-11-10,19257.19
2015-11-11,19612.95
2015-11-12,19528.4
2015-11-13,19404.55
2015-11-16,19522.18
2015-11-17,19689.16
2015-11-18,19749.28
2015-11-19,20028.29
2015-11-23,20036.51
2015-11-24,20075.04
2015-11-25,19549.0
2015-11-26,19669.76
2015-11-27,19167.53
2015-11-30,18848.07
2015-12-01,18851.89
2015-12-02,18807.65
2015-12-03,19390.92
2015-12-04,18971.59
2015-12-07,18928.45
2015-12-08,18597.55
2015-12-09,19230.33
2015-12-10,19034.66
2015-12-11,18900.45
2015-12-14,18669.74
2015-12-15,18694.73
2015-12-16,18763.23
2015-12-17,18872.92
2015-12-18,18340.36
2015-12-21,18088.45
2015-12-22,18201.55
2015-12-23,18428.33
2015-12-28,18341.23
2015-12-29,18282.23
2015-12-30,18133.57
2016-01-04,17613.72
2016-01-05,17735.72
2016-01-06,17483.42
2016-01-07,17027.97
2016-01-08,17014.88
2016-01-11,16732.19
2016-01-12,16584.01
2016-01-13,16357.96
2016-01-14,16561.44
2016-01-15,16187.3
2016-01-18,15927.16
2016-01-19,15989.29
2016-01-20,15807.17
2016-01-21,15821.59
2016-01-22,15975.48
2016-01-26,15757.63
2016-01-27,16150.08
2016-01-28,16260.27
2016-01-29,16999.51
2016-02-01,17066.11
2016-02-02,16288.28
2016-02-03,16664.88
2016-02-04,17144.38
2016-02-05,17057.73
2016-02-10,16965.26
2016-02-11,16547.6
2016-02-12,16732.88
2016-02-15,16837.65
2016-02-16,17181.69
2016-02-17,17456.43
2016-02-18,17425.41
2016-02-19,17441.57
2016-02-22,18112.44
2016-02-23,17827.33
2016-02-24,17640.36
2016-02-25,17564.34
2016-02-26,17430.79
2016-02-29,17899.49
2016-03-01,18428.14
2016-03-02,18717.82
2016-03-03,19581.39
2016-03-04,20302.12
2016-03-07,20363.34
2016-03-08,20308.62
2016-03-09,20152.95
2016-03-10,20497.38
2016-03-11,20510.69
2016-03-14,20206.6
2016-03-15,19545.22
2016-03-16,19792.63
2016-03-17,21011.46
2016-03-18,20959.08
2016-03-21,21122.54
2016-03-22,21064.83
2016-03-23,20559.58
2016-03-24,20541.17
2016-03-28,21002.02
2016-03-29,21131.93
2016-03-30,21150.01
2016-03-31,20658.58
2016-04-01,20858.87
2016-04-04,20153.41
2016-04-05,20265.02
2016-04-06,19893.91
2016-04-07,20055.02
2016-04-08,20736.08
2016-04-11,20664.85
2016-04-12,21361.22
2016-04-13,21813.48
2016-04-14,21544.53
2016-04-15,21878.34
2016-04-18,21752.54
2016-04-19,22051.42
2016-04-20,22011.68
2016-04-22,21761.18
2016-04-25,21361.2
2016-04-26,21834.43
2016-04-27,22375.31
2016-04-28,22294.83
2016-04-29,22133.32
2016-05-02,22005.96
2016-05-03,21509.82
2016-05-04,21627.68
2016-05-05,21275.5
2016-05-06,21283.99
2016-05-09,20994.72
2016-05-10,21810.79
2016-05-11,21713.16
2016-05-12,21928.14
2016-05-13,21357.28
2016-05-16,21346.1
2016-05-17,20962.34
2016-05-18,20841.56
2016-05-19,20673.1
2016-05-20,20528.57
2016-05-23,20369.96
2016-05-24,20386.1
2016-05-25,20435.99
2016-05-27,20278.88
2016-05-30,20238.3
2016-05-31,20051.35
2016-06-01,20263.53
2016-06-02,20607.48
2016-06-03,20899.71
2016-06-06,20820.32
2016-06-07,20832.64
2016-06-08,21279.45
2016-06-09,21086.85
2016-06-10,20419.02
2016-06-13,20526.72
2016-06-14,20112.4
2016-06-15,20218.43
2016-06-16,20414.88
2016-06-17,20457.32
2016-06-20,20781.8
2016-06-21,21001.88
2016-06-22,20752.0
2016-06-23,21330.25
2016-06-24,20763.57
2016-06-27,20427.83
2016-06-28,20744.81
2016-06-29,21136.0
2016-06-30,21350.09
2016-07-01,21615.63
2016-07-04,21757.99
2016-07-05,21496.97
2016-07-06,21512.63
2016-07-07,21566.85
2016-07-08,22018.7
2016-07-11,22363.74
2016-07-12,22487.33
2016-07-13,22621.07
2016-07-14,22980.64
2016-07-15,23018.17
2016-07-18,23384.73
2016-07-19,23477.97
2016-07-20,23431.61
2016-07-21,23461.65
2016-07-22,23613.64
2016-07-25,23563.85
2016-07-26,23517.27
2016-07-27,23550.41
2016-07-28,23477.77
2016-07-29,23765.69
2016-08-01,23568.46
2016-08-02,23333.9
2016-08-03,23677.88
2016-08-04,23903.34
2016-08-05,23949.59
2016-08-08,23930.48
2016-08-09,23944.65
2016-08-10,23636.12
2016-08-11,24195.4
2016-08-12,24197.91
2016-08-15,24518.98
2016-08-16,24410.7
2016-08-17,24587.54
2016-08-18,24527.07
2016-08-19,24491.3
2016-08-22,23950.86
2016-08-23,24031.0
2016-08-24,23913.5
2016-08-25,23916.52
2016-08-26,23935.8
2016-08-29,24298.84
2016-08-30,24293.59
2016-08-31,24031.81
2016-09-01,24167.14
2016-09-02,24732.13
2016-09-05,24711.34
2016-09-06,24959.05
2016-09-08,25001.94
2016-09-09,24106.16
2016-09-12,24327.45
2016-09-13,23620.61
2016-09-14,23711.51
2016-09-15,24043.94
2016-09-16,23707.43
2016-09-19,23809.99
2016-09-20,23973.01
2016-09-21,24221.35
2016-09-22,24465.14
2016-09-23,24330.74
2016-09-26,24073.56
2016-09-27,24196.75
2016-09-28,24584.39
2016-09-29,24180.18
2016-09-30,24176.69
2016-10-03,24616.55
2016-10-04,24572.85
2016-10-05,24925.49
2016-10-06,25089.16
2016-10-07,25265.92
2016-10-10,25495.13
2016-10-11,25232.61
2016-10-13,25280.62
2016-10-14,25531.89
2016-10-17,25900.3
2016-10-18,26336.51
2016-10-19,26216.39
2016-10-20,26347.2
2016-10-21,26463.47
2016-10-24,26450.56
2016-10-25,26367.03
2016-10-26,26346.77
2016-10-27,26513.4
2016-10-28,26540.66
2016-10-31,26776.52
2016-11-01,26119.55
2016-11-03,25486.23
2016-11-04,25412.25
2016-11-07,26373.87
2016-11-08,26415.93
2016-11-09,26047.0
2016-11-10,25179.94
2016-11-11,24362.65
2016-11-14,24533.21
2016-11-16,24991.3
2016-11-17,24606.66
2016-11-18,24684.65
2016-11-21,25110.26
2016-11-22,25442.41
2016-11-23,25444.88
2016-11-24,25237.46
2016-11-25,25295.23
2016-11-28,25792.03
2016-11-29,25077.88
2016-11-30,25437.08
2016-12-01,24462.1
2016-12-02,24754.14
2016-12-05,24563.79
2016-12-06,25053.99
2016-12-07,25178.57
2016-12-08,24904.23
2016-12-09,24845.97
2016-12-12,24322.92
2016-12-13,24378.65
2016-12-14,23958.33
2016-12-15,24036.28
2016-12-16,24043.42
2016-12-19,23552.94
2016-12-20,23708.55
2016-12-21,23740.47
2016-12-22,23596.58
2016-12-23,23862.91
2016-12-26,24134.49
2016-12-27,24167.45
2016-12-28,24609.5
2016-12-29,24788.04
2017-01-02,24538.78
2017-01-03,25419.96
2017-01-04,25352.17
2017-01-05,25546.98
2017-01-06,25375.58
2017-01-09,25392.45
2017-01-10,25552.46
2017-01-11,25660.88
2017-01-12,26282.31
2017-01-13,26177.14
2017-01-16,26248.72
2017-01-17,26463.1
2017-01-18,26367.4
2017-01-19,26266.48
2017-01-20,26505.2
2017-01-23,26984.92
2017-01-24,27031.74
2017-01-26,27191.29
2017-01-27,27116.07
2017-01-30,26423.51
2017-01-31,26574.87
2017-02-01,26645.72
2017-02-02,26562.07
2017-02-03,26729.53
2017-02-06,26354.11
2017-02-07,26433.64
2017-02-08,26695.13
2017-02-09,26747.95
2017-02-10,27205.54
2017-02-13,27551.63
2017-02-14,27438.46
2017-02-15,27946.14
2017-02-16,27894.79
2017-02-17,27869.45
2017-02-20,28177.86
2017-02-21,28396.95
2017-02-22,28199.48
2017-02-23,27769.25
2017-02-24,27452.89
2017-03-01,27589.99
2017-03-02,27143.27
2017-03-03,27506.61
2017-03-06,27358.9
2017-03-07,27123.29
2017-03-08,26699.45
2017-03-09,26630.62
2017-03-10,26675.29
2017-03-13,27029.98
2017-03-14,26701.29
2017-03-15,27298.22
2017-03-16,27131.56
2017-03-17,26505.09
2017-03-20,26748.21
2017-03-21,26003.89
2017-03-22,26209.66
2017-03-23,26230.8
2017-03-24,26353.04
2017-03-27,26522.16
2017-03-28,26657.8
2017-03-29,27014.6
2017-03-30,26904.68
2017-03-31,26806.42
2017-04-03,26905.54
2017-04-04,27120.55
2017-04-05,26738.7
2017-04-06,26508.99
2017-04-07,26659.49
2017-04-10,26672.91
2017-04-11,26567.87
2017-04-12,26382.81
2017-04-13,25974.92
2017-04-17,26583.5
2017-04-18,26516.13
2017-04-19,26225.91
2017-04-20,26350.91
2017-04-24,26589.13
2017-04-25,26903.5
2017-04-26,26788.55
2017-04-27,26722.77
2017-04-28,27041.8
2017-05-02,27593.81
2017-05-03,27366.93
2017-05-04,26888.35
2017-05-05,27239.74
2017-05-08,27181.85
2017-05-09,27487.02
2017-05-10,27923.99
2017-05-11,28011.92
2017-05-12,28268.18
2017-05-15,28358.51
2017-05-16,28460.31
2017-05-17,28000.85
2017-05-18,25537.22
2017-05-19,25977.59
2017-05-22,25564.89
2017-05-23,25992.52
2017-05-24,26244.1
2017-05-25,26229.9
2017-05-26,26594.7
2017-05-29,26466.46
2017-05-30,26545.88
2017-05-31,26052.92
2017-06-01,25881.08
2017-06-02,25969.32
2017-06-05,25938.94
2017-06-06,26148.89
2017-06-07,26253.61
2017-06-08,26077.96
2017-06-09,25863.03
2017-06-12,25657.32
2017-06-13,25716.86
2017-06-14,25754.61
2017-06-16,25658.7
2017-06-19,25805.46
2017-06-20,25306.03
2017-06-21,25275.79
2017-06-22,25477.35
2017-06-23,25412.21
2017-06-26,25847.75
2017-06-27,25642.45
2017-06-28,25769.26
2017-06-29,25847.49
2017-06-30,26130.63
2017-07-03,26280.43
2017-07-04,26266.43
2017-07-05,26243.29
2017-07-06,25981.36
2017-07-07,25925.56
2017-07-10,26208.25
2017-07-11,26521.59
2017-07-12,26943.63
2017-07-13,27099.97
2017-07-14,27207.83
2017-07-17,27124.96
2017-07-18,27174.43
2017-07-19,27103.23
2017-07-20,27024.98
2017-07-21,26934.4
2017-07-24,27095.62
2017-07-25,27317.07
2017-07-26,27056.33
2017-07-27,27165.79
2017-07-28,27243.85
2017-07-31,27413.77
2017-08-01,27649.38
2017-08-02,27897.85
2017-08-03,27765.06
2017-08-04,27812.25
2017-08-07,28218.49
2017-08-08,28192.35
2017-08-09,28099.48
2017-08-10,27814.71
2017-08-11,27974.4
2017-08-14,28347.33
2017-08-15,28374.37
2017-08-16,28471.13
2017-08-17,28222.73
2017-08-18,28513.6
2017-08-21,28491.15
2017-08-22,29039.06
2017-08-23,29227.01
2017-08-24,29505.96
2017-08-25,29484.75
2017-08-28,29475.27
2017-08-29,29587.39
2017-08-30,29427.63
2017-08-31,29427.9
2017-09-01,29846.46
2017-09-04,29947.76
2017-09-05,29968.95
2017-09-06,30458.47
2017-09-08,30350.46
2017-09-11,30843.98
2017-09-12,30914.93
2017-09-13,31034.25
2017-09-14,31011.38
2017-09-15,31452.32
2017-09-18,31539.84
2017-09-19,31528.46
2017-09-20,31538.06
2017-09-21,31369.28
2017-09-22,31295.61
2017-09-25,30880.22
2017-09-26,30821.56
2017-09-27,30586.15
2017-09-28,30487.08
2017-09-29,30808.59
2017-10-02,30834.8
2017-10-03,31783.38
2017-10-04,31726.22
2017-10-05,31745.02
2017-10-06,31537.15
2017-10-09,31403.03
2017-10-10,31870.28
2017-10-11,31772.59
2017-10-13,31877.32
2017-10-16,31811.59
2017-10-17,31521.69
2017-10-18,31720.77
2017-10-19,31604.06
2017-10-20,31666.32
2017-10-23,31263.3
2017-10-24,31628.71
2017-10-25,31741.38
2017-10-26,31424.35
2017-10-27,31449.28
2017-10-30,30961.25
2017-10-31,30768.93
2017-11-01,30590.72
2017-11-03,30584.98
2017-11-06,30719.27
2017-11-07,29946.84
2017-11-08,30714.64
2017-11-09,30130.11
2017-11-10,29793.33
2017-11-13,29932.54
2017-11-14,29305.81
2017-11-16,29992.67
2017-11-17,30370.64
2017-11-21,30847.61
2017-11-22,30812.62
2017-11-23,30785.76
2017-11-24,30656.99
2017-11-27,30606.63
2017-11-28,30628.02
2017-11-29,30051.23
2017-11-30,29729.33
2017-12-01,29847.5
2017-12-04,30168.62
2017-12-05,29958.37
2017-12-06,30236.21
2017-12-07,29947.74
2017-12-08,30073.26
2017-12-11,30094.63
2017-12-12,30485.98
2017-12-13,30143.33
2017-12-14,29951.15
2017-12-15,30041.98
2017-12-18,30236.64
2017-12-19,30056.69
2017-12-20,30338.44
2017-12-21,31038.48
2017-12-22,31066.76
2017-12-26,31280.17
2017-12-27,31454.06
2017-12-28,31616.0
2018-01-02,32197.54
2018-01-03,32237.71
2018-01-04,32487.24
2018-01-05,32655.54
2018-01-08,32752.25
2018-01-09,32555.41
2018-01-10,32286.97
2018-01-11,32741.3
2018-01-12,32731.13
2018-01-15,32904.97
2018-01-16,32951.38
2018-01-17,33476.11
2018-01-18,33390.74
2018-01-19,33503.7
2018-01-22,33694.74
2018-01-23,33298.7
2018-01-24,34496.3
2018-01-26,35253.52
2018-01-29,34916.59
2018-01-30,34823.95
2018-01-31,35012.93
2018-02-01,35257.07
2018-02-02,34665.04
2018-02-05,33788.43
2018-02-06,34577.59
2018-02-07,34147.91
2018-02-08,33636.18
2018-02-09,33357.19
2018-02-14,34428.79
2018-02-15,34719.28
2018-02-16,34807.93
2018-02-19,34932.84
2018-02-20,35327.08
2018-02-21,35432.63
2018-02-22,35680.3
2018-02-23,35930.25
2018-02-26,36054.58
2018-02-27,35784.33
2018-02-28,35158.73
2018-03-01,35172.55
2018-03-02,35319.51
2018-03-05,35427.57
2018-03-06,35275.72
2018-03-07,35204.89
2018-03-08,35007.78
2018-03-09,35571.55
2018-03-12,35803.22
2018-03-13,35603.88
2018-03-14,35454.82
2018-03-15,35023.98
2018-03-16,35009.57
2018-03-19,34633.64
2018-03-20,34731.96
2018-03-21,35039.63
2018-03-22,34970.46
2018-03-23,34810.46
2018-03-26,35087.88
2018-03-27,34570.91
2018-03-28,34583.54
2018-03-29,35186.46
2018-04-02,34871.47
2018-04-03,34857.34
2018-04-04,34751.5
2018-04-05,35088.56
2018-04-06,34945.37
2018-04-09,34336.7
2018-04-10,34794.58
2018-04-11,35069.51
2018-04-12,35158.29
2018-04-13,34721.66
2018-04-16,34119.23
2018-04-17,34635.41
2018-04-18,35319.19
2018-04-19,35354.16
2018-04-20,35269.51
2018-04-23,35299.95
2018-04-24,35217.14
2018-04-25,35061.14
2018-04-26,35587.66
2018-04-27,35608.25
2018-04-30,35474.07
2018-05-02,34840.69
2018-05-03,34312.08
2018-05-04,34221.45
2018-05-07,34062.52
2018-05-08,34154.09
2018-05-09,34674.24
2018-05-10,35323.45
2018-05-11,35054.13
2018-05-14,35015.79
2018-05-15,34946.38
2018-05-16,35509.41
2018-05-17,34314.76
2018-05-18,34090.91
2018-05-21,33612.14
2018-05-22,34018.9
2018-05-23,33259.95
2018-05-24,32946.59
2018-05-25,32470.34
2018-05-28,31003.17
2018-05-29,31315.44
2018-05-30,31604.53
2018-06-01,31825.11
2018-06-04,32396.0
2018-06-05,31595.0
2018-06-06,31350.63
2018-06-07,30425.54
2018-06-08,30080.29
2018-06-11,29820.37
2018-06-12,29985.81
2018-06-13,29737.49
2018-06-14,29457.39
2018-06-15,29176.8
2018-06-18,28788.78
2018-06-19,29434.81
2018-06-20,29730.97
2018-06-21,28900.39
2018-06-22,29141.34
2018-06-25,29268.36
2018-06-26,29452.14
2018-06-27,29126.82
2018-06-28,29569.37
2018-06-29,29962.76
2018-07-02,29976.06
2018-07-03,30310.45
2018-07-04,30742.26
2018-07-05,30664.8
2018-07-06,30852.86
2018-07-10,30804.45
2018-07-11,30630.35
2018-07-12,31210.89
2018-07-13,31521.47
2018-07-16,31564.27
2018-07-17,32162.09
2018-07-18,31862.27
2018-07-19,31910.61
2018-07-20,32379.46
2018-07-23,32161.99
2018-07-24,32614.05
2018-07-25,33054.86
2018-07-26,32712.12
2018-07-27,32873.75
2018-07-30,33024.76
2018-07-31,32610.22
2018-08-01,32656.27
2018-08-02,32786.29
2018-08-03,33500.77
2018-08-06,33346.73
2018-08-07,33075.5
2018-08-08,32597.94
2018-08-09,32443.11
2018-08-10,31523.03
2018-08-13,31906.92
2018-08-14,32386.24
2018-08-15,31783.42
2018-08-16,31690.31
2018-08-17,31368.72
2018-08-20,31488.16
2018-08-21,31006.11
2018-08-22,31674.73
2018-08-23,31140.7
2018-08-24,31381.73
2018-08-27,32065.14
2018-08-28,31892.04
2018-08-29,32266.56
2018-08-30,31464.74
2018-08-31,31591.01
2018-09-03,31402.67
2018-09-04,30801.89
2018-09-05,30970.53
2018-09-06,31495.31
2018-09-10,31522.8
2018-09-11,30803.27
2018-09-12,30970.28
2018-09-13,30778.7
2018-09-14,31058.43
2018-09-17,31603.05
2018-09-18,32192.53
2018-09-19,32142.12
2018-09-20,32113.62
2018-09-21,32648.41
2018-09-24,32056.53
2018-09-25,32299.71
2018-09-26,32327.27
2018-09-27,32863.99
2018-09-28,32611.25
2018-10-01,32302.31
2018-10-02,33507.86
2018-10-03,34182.71
2018-10-04,34071.58
2018-10-05,33827.7
2018-10-08,35353.03
2018-10-09,35340.33
2018-10-10,34362.86
2018-10-11,34072.18
2018-10-15,34242.18
2018-10-16,35194.9
2018-10-17,35225.39
2018-10-18,34504.71
2018-10-19,34683.76
2018-10-22,35230.57
2018-10-23,35123.08
2018-10-24,34236.79
2018-10-25,34648.55
2018-10-26,35290.59
2018-10-29,34529.34
2018-10-30,35793.17
2018-10-31,36009.31
2018-11-01,36429.84
2018-11-05,36906.36
2018-11-06,36530.89
2018-11-07,36149.26
2018-11-08,35305.34
2018-11-09,35330.49
2018-11-12,35301.87
2018-11-13,35083.18
2018-11-14,35503.51
2018-11-16,36528.57
2018-11-19,36282.79
2018-11-21,36041.93
2018-11-22,36148.27
2018-11-23,35666.48
2018-11-26,35383.48
2018-11-27,36322.08
2018-11-28,36884.62
2018-11-29,37063.6
2018-11-30,36967.8
2018-12-03,37103.59
2018-12-04,36644.09
2018-12-05,36825.53
2018-12-06,36763.38
2018-12-07,36465.79
2018-12-10,35594.63
2018-12-11,35818.41
2018-12-12,36058.59
2018-12-13,36384.86
2018-12-14,36228.65
2018-12-17,35788.88
2018-12-18,35906.24
2018-12-19,35521.91
2018-12-20,35400.17
2018-12-21,35572.9
2018-12-26,35356.11
2018-12-27,35503.96
2018-12-28,36491.42
2019-01-02,37744.23
2019-01-03,37975.7
2019-01-04,38060.75
2019-01-07,37985.82
2019-01-08,38106.81
2019-01-09,38745.85
2019-01-10,38840.21
2019-01-11,38808.61
2019-01-14,39159.6
2019-01-15,39003.67
2019-01-16,39142.98
2019-01-17,39525.99
2019-01-18,39822.09
2019-01-21,39785.95
2019-01-22,39429.8
2019-01-23,40007.4
2019-01-24,40481.81
2019-01-28,39639.55
2019-01-29,39685.56
2019-01-30,40230.98
2019-01-31,40400.91
2019-02-01,40592.66
2019-02-04,40908.1
2019-02-05,40786.54
2019-02-06,39315.39
2019-02-07,39192.93
2019-02-08,39593.66
2019-02-11,39217.87
2019-02-12,39928.45
2019-02-13,39785.25
2019-02-14,40647.23
2019-02-15,40456.76
2019-02-18,40081.58
2019-02-19,40518.66
2019-02-20,40062.53
2019-02-21,40208.15
2019-02-22,40583.58
2019-02-25,40363.64
2019-02-26,40504.4
2019-02-27,40370.64
2019-02-28,39688.74
2019-03-01,39307.83
2019-03-06,39140.1
2019-03-07,39161.77
2019-03-08,39607.12
2019-03-11,40666.02
2019-03-12,40612.06
2019-03-13,41025.74
2019-03-14,40916.68
2019-03-15,41121.34
2019-03-18,41471.35
2019-03-19,41325.09
2019-03-20,40684.05
2019-03-21,40146.78
2019-03-22,38953.24
2019-03-25,38937.7
2019-03-26,39604.02
2019-03-27,38206.79
2019-03-28,39202.85
2019-03-29,39643.35
2019-04-01,39908.16
2019-04-02,39640.08
2019-04-03,39303.14
2019-04-04,40011.85
2019-04-05,40338.78
2019-04-08,40427.94
2019-04-09,39983.3
2019-04-10,39854.67
2019-04-11,39387.67
2019-04-12,38648.2
2019-04-15,38723.56
2019-04-16,39213.29
2019-04-17,38771.46
2019-04-18,39268.1
2019-04-22,39304.52
2019-04-23,39856.18
2019-04-24,39525.39
2019-04-25,40127.16
2019-04-26,40003.17
2019-04-29,39984.15
2019-04-30,40062.33
2019-05-02,39771.52
2019-05-03,39954.92
2019-05-06,39572.07
2019-05-07,39332.06
2019-05-08,39824.0
2019-05-09,39525.72
2019-05-10,39300.51
2019-05-13,38275.56
2019-05-14,38422.63
2019-05-15,38226.03
2019-05-16,37565.26
2019-05-17,37536.59
2019-05-20,38337.63
2019-05-21,39394.81
2019-05-22,39359.39
2019-05-23,39167.87
2019-05-24,39036.83
2019-05-27,39531.49
2019-05-28,40172.71
2019-05-29,40263.12
2019-05-30,40647.77
2019-05-31,40519.55
2019-06-03,40517.57
2019-06-04,40667.47
2019-06-05,40131.53
2019-06-06,40609.08
2019-06-07,40871.43
2019-06-10,40723.97
2019-06-11,41295.26
2019-06-12,41038.57
2019-06-13,41244.8
2019-06-14,40943.29
2019-06-17,40794.18
2019-06-18,41505.88
2019-06-19,41874.37
2019-06-21,42537.45
2019-06-24,42567.72
2019-06-25,41766.78
2019-06-26,41988.75
2019-06-27,42034.64
2019-06-28,42180.16
2019-07-01,42300.83
2019-07-02,42018.66
2019-07-03,42600.99
2019-07-04,43270.01
2019-07-05,43487.65
2019-07-08,43706.27
2019-07-10,44249.18
2019-07-11,43991.98
2019-07-12,43475.61
2019-07-15,43413.93
2019-07-16,43408.77
2019-07-17,43458.72
2019-07-18,43818.41
2019-07-19,43303.22
2019-07-22,43490.66
2019-07-23,43399.41
2019-07-24,43547.67
2019-07-25,42951.64
2019-07-26,43006.6
2019-07-29,43292.46
2019-07-30,43111.22
2019-07-31,42672.69
2019-08-01,42812.74
2019-08-02,43027.06
2019-08-05,41982.27
2019-08-06,42860.5
2019-08-07,43134.8
2019-08-08,43719.53
2019-08-09,43696.04
2019-08-12,42845.3
2019-08-13,43383.29
2019-08-14,42154.38
2019-08-15,41638.22
2019-08-16,41970.21
2019-08-19,41837.22
2019-08-20,41747.78
2019-08-21,42549.02
2019-08-22,42101.68
2019-08-23,41112.32
2019-08-26,40555.2
2019-08-27,40932.0
2019-08-28,41302.1
2019-08-29,42270.96
2019-08-30,42602.77
2019-09-02,42424.78
2019-09-03,42010.85
2019-09-04,42595.23
2019-09-05,43005.18
2019-09-06,43246.32
2019-09-09,43241.11
2019-09-10,43189.57
2019-09-11,43439.35
2019-09-12,43802.51
2019-09-13,43439.89
2019-09-16,43494.24
2019-09-17,43904.75
2019-09-18,43887.68
2019-09-19,43853.1
2019-09-20,44021.54
2019-09-23,43933.11
2019-09-24,43617.04
2019-09-25,43822.79
2019-09-26,44171.53
2019-09-27,44077.14
2019-09-30,43971.65
2019-10-01,43674.26
2019-10-02,42445.72
2019-10-03,42654.99
2019-10-04,43074.34
2019-10-07,42255.88
2019-10-08,42000.52
2019-10-09,42537.27
2019-10-10,42738.21
2019-10-11,43572.75
2019-10-14,43769.6
2019-10-15,43802.54
2019-10-16,44183.26
2019-10-17,44041.55
2019-10-18,43947.39
2019-10-21,44459.99
2019-10-22,44980.09
2019-10-23,45025.39
2019-10-24,44813.23
2019-10-25,44935.46
2019-10-28,45266.46
2019-10-29,45036.06
2019-10-30,45403.3
2019-10-31,44939.87
2019-11-01,45358.68
2019-11-04,45563.59
2019-11-05,45485.47
2019-11-06,45379.43
2019-11-07,45853.88
2019-11-08,45075.43
2019-11-11,45385.0
2019-11-12,44722.16
2019-11-13,44432.55
2019-11-14,44658.15
2019-11-18,44541.35
2019-11-19,44383.24
2019-11-21,45059.75
2019-11-22,45528.67
2019-11-25,45426.94
2019-11-26,44861.32
2019-11-27,45127.48
2019-11-28,45383.23
2019-11-29,45374.96
2019-12-02,45633.74
2019-12-03,45671.13
2019-12-04,46213.98
2019-12-05,46361.23
2019-12-06,46586.7
2019-12-09,46521.94
2019-12-10,46389.46
2019-12-11,46542.27
2019-12-12,47038.13
2019-12-13,47212.92
2019-12-16,46985.26
2019-12-17,47258.74
2019-12-18,47976.84
2019-12-19,48333.17
2019-12-20,48345.59
2019-12-23,48679.43
2019-12-26,49256.14
2019-12-27,49000.07
2019-12-30,48675.42
,
,
,
,
,
,
,
,
,
,
,
,
,
,
,
,
,
,
,
,
,
,
,
,
,
,
,
,
,
,
,
,
,
,
,
,
,
,
,
,
,
,
,
,
,
