,OIBR4.SA,TIET3.SA,LAME4.SA,LAME3.SA,SANB4.SA,COCE3.SA,SANB11.SA,ROMI3.SA,OIBR3.SA,BRKM3.SA,GGBR4.SA,BBDC3.SA,SULA11.SA,KLBN3.SA,CLSC3.SA,FLRY3.SA,AEDU3.SA,VIVT4.SA,KLBN11.SA,ELPL3.SA,EMBR3.SA,ODPV3.SA,FIBR3.SA,SUZB3.SA,SULA4.SA,TIET4.SA,ITSA3.SA,BBAS3.SA,ITUB3.SA,CESP6.SA,CPFE3.SA,EVEN3.SA,ITSA4.SA,BRFS3.SA,KLBN4.SA,COCE5.SA,ELET5.SA,CPLE3.SA,BRKM5.SA,USIM6.SA,TIMP3.SA,USIM3.SA,UGPA3.SA,SBSP3.SA,CSMG3.SA,CPLE6.SA,GOAU4.SA,BBDC4.SA,CLSC4.SA,VIVT3.SA,CESP3.SA,NTCO3.SA,LIGT3.SA,MRVE3.SA,GGBR3.SA,TIET11.SA,SULA3.SA,GOAU3.SA
2009-11,19.3766,0.0548,6.9548,5.092,7.6633,17.254,13.6649,6.4875,264.2783,6.2884,22.6889,6.425,5.5789,0.5618,,,,20.9784,,,7.6951,1.1604,26.0182,,,1.9646,3.9597,34.6288,12.0885,13.9883,9.2764,5.6164,8.2424,18.2314,3.8799,15.5945,18.0206,19.0974,7.8666,,5.0099,23.1449,,6.0212,19.014,23.9334,27.935,8.4508,,15.322,9.62,33.5364,13.8455,7.6727,16.4413,,,24.3117
2009-12,19.1029,0.0529,7.4487,5.6232,8.029,17.2592,14.1381,6.0267,259.5607,7.1506,24.5477,6.7374,6.0428,0.5736,,,,21.1681,,20.7688,8.4817,3.0705,33.8904,,,2.0692,4.6145,33.392,12.1315,15.6709,10.2038,6.1493,8.7186,20.2739,4.2131,16.5893,18.9751,20.2633,9.6147,11.7428,5.6323,23.7546,,6.5509,21.0038,26.2044,29.7363,8.5526,,15.2656,10.088,36.2952,14.9318,8.5296,17.9165,,,24.6466
2010-01,14.9289,0.0529,6.3452,5.0611,7.6638,17.5248,13.3214,7.2444,191.2504,7.1738,21.3466,6.3578,5.6953,0.6349,,5.5438,,20.4127,,22.0277,8.9097,2.7826,29.6422,,,1.9638,4.1338,31.593,11.9047,15.3186,10.4841,5.4365,8.2752,20.1757,3.8716,16.0138,,21.3733,9.0546,10.9368,5.514,23.5412,,6.0537,16.108,27.2656,26.6877,8.1054,,14.9883,10.3219,33.9262,14.3283,7.3499,15.766,,,23.1352
2010-02,14.1644,0.0539,6.2351,4.7887,7.2989,17.5248,12.653,6.9361,186.6271,7.1506,22.2814,6.3356,5.5206,0.5639,50.0,5.686,15.0,19.3428,,23.1353,8.7492,3.1837,28.5671,,,1.9659,4.2448,33.7339,11.8338,15.1621,10.7327,5.4003,8.5188,19.7063,3.7687,16.1323,25.4298,20.0687,8.7271,11.6291,5.7897,24.2813,,5.8605,15.9816,26.0346,27.9735,8.0689,,14.2166,9.828,33.2865,15.317,7.9248,16.219,,,24.2278
2010-03,13.001,0.0537,6.3656,4.861,7.6638,17.7903,13.0649,6.4824,148.7921,6.7253,24.3451,6.5005,6.6652,0.5843,50.0,5.4044,,18.9056,,22.0781,9.3822,3.1807,33.327,,,1.997,4.1384,33.9411,12.3692,15.964,11.0182,4.7524,9.0217,21.4045,4.34,16.1431,23.2233,20.6518,8.9385,13.5585,5.514,29.6371,3.5251,6.1941,16.2349,25.7586,31.0649,8.4997,,13.2295,10.2335,36.0853,15.0128,7.5074,17.7873,,,24.5645
2010-04,12.7273,0.0536,6.2115,4.9051,6.934,16.9939,11.9413,6.3475,135.583,6.3115,23.9659,6.4232,6.8991,0.6221,50.02,5.0431,,17.4152,,23.9156,9.164,2.9256,29.9023,,,2.0084,4.0809,34.1002,12.1835,16.4207,11.0929,4.4799,8.8809,20.2872,4.3509,15.5906,23.2233,19.6346,8.5835,,4.9109,25.967,,6.4774,16.2326,25.0969,28.9869,8.247,,12.9987,10.088,36.885,14.6574,7.4409,17.5369,,,24.236
2010-05,13.5604,0.0691,5.957,4.1538,6.5693,15.5048,11.4659,5.886,150.6792,5.2423,21.1612,6.1199,6.7806,0.6667,50.0,5.0629,,17.8709,,22.275,8.7598,3.1421,25.5761,,,2.1099,3.8296,29.7581,11.2863,14.3505,11.4511,4.879,8.2586,20.8236,3.9688,14.7628,24.4236,17.5208,7.368,,5.6436,21.3934,,6.7918,15.5053,23.8209,27.158,7.8847,,13.2039,9.4254,37.8846,12.7862,7.3754,15.0243,,,20.5645
2010-06,13.845,0.0723,6.2837,4.4633,6.2039,15.8646,11.1524,5.8913,150.9621,6.1907,19.9676,5.8722,6.4162,0.6324,50.0,5.686,,18.4907,,,8.3717,3.5672,23.0965,,,2.2464,3.8789,28.2348,10.6032,16.1124,12.2802,4.9603,7.9381,21.2239,3.977,15.5906,24.4236,19.045,8.5563,12.3795,5.8769,22.5344,,7.2767,16.0845,26.3731,25.0013,7.3367,,14.3086,9.949,39.9837,13.1106,7.9309,14.1385,,,19.6147
2010-07,13.2292,0.076,7.2061,4.9493,7.3007,16.1378,13.9869,6.7149,149.4526,6.3459,21.4994,6.5117,6.7384,0.673,50.0,5.8025,,19.4231,,24.9684,10.3657,3.7431,24.2235,,,2.3924,4.3722,34.981,12.4651,17.7628,12.6509,6.0546,9.6948,22.1283,4.082,16.6089,21.9813,19.6067,9.0205,,5.5953,24.2461,,6.8246,16.6052,27.011,26.5334,9.2628,,15.3647,10.2058,45.6814,13.7218,9.8404,15.122,,,20.9774
2010-08,12.6708,0.0829,7.1054,5.1701,6.9357,17.2876,13.4215,6.6626,142.7537,7.9267,19.885,6.2364,7.5043,0.6439,50.0,6.1819,,20.6473,,,9.7434,4.2403,23.4606,,,2.3547,4.2655,32.7312,12.0641,16.7651,13.6327,6.0913,9.1446,21.0895,3.9066,17.8654,21.9813,19.9969,10.5705,9.9418,5.6276,21.9354,,6.4833,16.2376,27.4856,24.1112,8.7531,,16.0806,10.469,42.2828,13.6346,9.1415,14.2386,,,20.412
2010-09,12.7164,0.0848,7.4368,5.643,6.9357,15.7952,13.8099,6.8253,141.5272,8.0473,19.3234,6.8179,8.3135,0.6546,50.0,6.0102,,21.2569,,26.211,10.6775,4.5123,25.3679,,,2.4952,4.4258,37.0486,12.7132,16.6142,13.0108,6.5202,9.6114,23.0597,3.7598,15.8824,20.7601,18.9887,11.7315,,5.8447,24.5026,,7.3544,17.0316,26.6279,23.3836,9.7516,,16.4994,10.1849,45.4815,14.554,10.0215,14.2141,,,20.4954
2010-10,14.3588,0.0904,8.7981,6.2927,7.3007,15.9577,14.6093,7.5985,150.3018,8.898,18.7274,6.9399,8.7905,0.6484,50.0,6.2963,,20.9518,,26.2252,10.9483,5.6713,26.4083,,,2.5898,4.6384,38.1672,13.0957,17.7634,13.4109,7.1561,10.0359,22.1014,3.7918,16.7698,21.4073,19.773,11.9091,19.8692,5.6357,23.7621,,7.4029,17.4635,28.5794,22.4163,10.0816,,17.1448,11.0477,48.6802,14.4328,10.3584,13.8453,,,19.1208
2010-11,13.6971,0.1115,7.8166,5.9605,6.9357,16.2481,13.4161,7.6779,135.583,8.967,16.6935,6.7138,8.8821,0.6611,50.0,6.5252,,20.7452,,23.3192,11.202,6.0104,23.0531,,,2.6549,4.5216,38.0102,12.7967,18.8601,13.347,6.6236,9.6417,22.8358,3.9195,16.8354,23.2024,21.4478,12.4211,20.8278,5.555,20.8302,,7.3719,18.3333,30.3807,20.041,9.6592,,16.2589,11.2993,46.0613,14.81,10.5767,12.2882,,,17.8052
2010-12,13.6853,0.1135,7.3646,5.4949,6.938,16.4339,13.948,7.7654,145.7473,10.2317,19.4071,6.6597,9.101,0.7808,50.0,7.684,39.9999,21.7384,,21.5451,10.6683,5.9369,22.9664,,,2.7182,4.988,36.4418,12.8078,17.7305,13.8513,6.3574,9.8259,24.6989,4.6797,16.8234,27.0485,21.2855,13.9098,17.9228,5.4826,20.6246,,9.5545,19.2033,29.6657,23.1012,9.5901,,17.3212,11.5634,47.6706,17.1346,9.8273,13.8395,,,19.8209
2011-01,14.7691,0.1095,6.4452,5.2289,6.2077,16.0853,11.9562,6.5068,164.2745,9.8868,18.2769,6.3301,8.0551,0.7554,44.0,7.2083,35.3499,21.1331,,25.1132,12.2238,5.3241,22.3076,,,2.6592,4.1537,34.5165,11.9918,18.6958,13.7975,5.84,8.8082,24.7079,4.5436,17.4188,,21.8455,14.3195,18.3975,6.0301,24.1407,,9.153,18.3002,30.3807,21.9719,9.0505,,17.4343,11.6162,42.6826,17.6196,8.8769,13.4517,,,18.5443
2011-02,14.313,0.1128,6.45,5.2243,6.5729,17.6361,12.4262,5.8856,155.3435,9.45,18.8246,6.6216,8.3355,0.7832,60.0,6.3576,37.2,21.3107,,25.0558,12.6666,5.3006,20.8076,,,2.605,4.1259,34.6866,12.5036,17.9276,14.5473,5.5443,9.0696,26.1082,4.9275,18.2047,19.5389,21.2799,13.8483,18.4941,6.1589,25.9086,,9.1463,19.404,29.8802,22.2736,9.4341,,18.1149,12.3554,42.1928,18.3947,8.3165,14.0707,,,18.4349
2011-03,16.6049,0.12,6.5781,5.2839,6.5729,19.6219,12.3452,6.1074,167.79,9.9442,17.3317,7.2767,9.5333,0.7491,60.0,6.9918,39.9801,22.0358,,28.8608,12.2601,6.3131,22.8451,,,2.8089,4.3494,34.604,13.2934,20.423,15.5961,6.2245,9.6384,27.8516,5.2792,20.0093,22.5979,22.1199,14.7771,18.9686,6.7465,27.1724,,10.5438,18.8125,31.7747,21.0715,9.8373,,17.7026,13.4008,45.9813,19.001,8.222,13.0849,,,17.8779
2011-04,16.9179,0.1235,6.7719,5.4724,6.5729,20.1273,11.2853,5.3801,160.5669,10.4502,16.2243,6.9236,10.0566,0.7744,,6.7613,35.0001,23.2876,,,11.2246,6.0683,21.9066,,,2.9561,4.4239,33.9481,13.0596,19.9896,15.9869,6.3945,9.1485,28.4841,4.9078,20.5454,27.4766,21.8935,15.6374,16.4609,7.0849,25.0375,,10.223,19.8816,30.9625,19.8343,9.2686,,19.6372,13.6225,44.282,19.0118,8.562,12.7039,,,17.1781
2011-05,18.4132,0.151,7.7151,6.2403,6.2077,20.5569,11.2552,4.7124,165.516,11.1515,14.9132,6.8671,10.0011,0.8611,,7.4966,33.8001,25.3767,,,11.361,6.8084,21.676,,,2.9188,4.1273,32.9424,12.5765,20.4455,15.913,6.5597,8.8931,26.4512,4.8196,21.5901,27.4766,21.6958,17.5532,16.6546,7.2581,22.563,,10.8333,21.8906,29.5222,18.915,9.1578,,21.7341,13.8048,42.2828,19.4782,9.2726,12.3102,,,16.7363
2011-06,17.3814,0.1504,7.4686,5.9845,6.5736,20.9296,11.6496,3.8112,162.2801,11.0608,14.0431,7.0605,9.8011,0.7554,,6.5537,33.2199,25.4945,,37.3543,10.8949,6.2111,18.226,,,2.9815,4.3237,33.0442,12.7853,20.4789,15.6638,6.0105,9.0344,24.2456,4.6513,22.4257,27.4766,21.4418,15.8406,13.0718,7.3406,22.7863,,10.4272,21.6826,29.8824,17.3849,9.4154,,21.248,13.9669,38.9841,21.0635,8.2592,11.8781,,,15.5068
2011-07,15.2029,0.1512,6.9758,5.7103,4.7477,23.0292,9.2752,3.6455,145.4334,10.2147,12.0786,6.5937,9.0513,0.8777,80.0,6.1414,29.35,27.404,,35.7021,10.2632,6.3425,16.4698,,,2.8539,4.2914,31.0258,11.496,21.3808,15.488,5.7892,7.8512,26.9905,4.2561,24.4942,27.4766,19.7493,13.069,12.6071,7.5057,20.5734,,10.3867,22.7759,26.9302,15.4208,8.7656,,21.9893,15.0889,35.2357,19.9444,7.3289,9.8984,,,13.9301
2011-08,13.8478,0.1564,7.7005,6.2633,5.4783,20.8617,9.7461,3.4245,122.3049,9.6163,11.7966,6.2502,9.0319,0.7815,80.0,6.6772,26.4,28.1675,,33.665,9.2475,6.7829,13.8357,,,2.7058,4.3389,31.6665,10.5961,19.9044,15.1288,5.2858,7.2531,28.4908,4.2804,21.7292,27.4766,19.3499,13.4316,15.4926,8.0167,22.0777,9.7899,10.3195,21.9348,25.8153,15.0564,8.3692,,22.8331,13.7888,38.1045,19.6575,8.5398,9.583,,,12.7634
2011-09,12.7121,0.1613,7.0004,5.7103,5.113,21.6678,8.7963,3.8516,116.9749,7.8574,11.5795,6.0711,8.0417,0.8139,,6.5145,24.2,27.9656,,35.3913,10.8431,6.8541,12.6828,,,2.8248,4.9538,29.6029,10.6155,18.5746,15.0411,4.0807,7.2218,29.4423,4.1838,22.7112,27.4766,17.3282,10.3612,11.1352,7.1756,20.8645,10.3925,9.8036,21.0888,25.004,14.6972,8.243,,22.4446,13.5716,31.987,17.7491,6.137,9.3231,,,12.4978
2011-10,13.6965,0.161,7.4577,6.1578,5.113,22.8936,9.9055,3.6095,122.8759,7.8574,13.4011,6.6255,6.931,0.7184,,6.2851,25.25,28.7113,,38.4125,10.9354,6.664,13.5607,,,2.9416,4.8114,30.8664,11.6932,19.5436,16.018,4.874,8.1456,32.7084,5.0973,24.1531,27.4766,17.3225,10.873,11.387,7.3241,23.9214,10.7797,10.5663,22.8538,25.3358,17.0647,9.2419,,23.8546,13.5716,33.3864,19.191,7.7112,10.983,,,14.2964
2011-11,12.5147,0.1886,7.4577,6.0204,4.7477,21.3019,8.9183,3.4293,113.7387,7.4827,11.812,6.5951,6.6764,1.0035,80.0,5.9804,17.5,28.0502,,38.4125,10.4371,6.1909,12.1683,,,3.0352,4.7935,28.9133,11.4704,21.0534,16.6962,4.958,7.9944,32.2969,5.8233,22.788,27.4766,17.0625,9.942,11.387,6.9693,17.274,11.2097,11.2146,22.875,26.9143,15.175,8.8241,,23.4853,14.3263,36.2852,19.6646,7.4246,9.8166,,,12.6636
2011-12,12.6074,0.2081,7.0626,5.8921,5.1144,21.5052,9.7279,3.7952,111.2642,7.1201,12.6866,6.8939,7.811,0.9967,82.0,6.2307,20.1,29.8321,,38.4089,10.8523,6.585,12.3014,,,3.3193,5.1966,28.4867,11.2771,22.0826,18.971,4.7138,8.6115,33.6855,6.4526,23.9928,28.9806,19.0726,9.0964,9.7603,7.6209,16.6432,11.2767,11.6722,23.6761,28.6919,15.8751,9.3527,,25.2216,14.8203,36.2453,21.0958,6.8191,10.376,,,13.3053
2012-01,12.9208,0.1941,8.3475,6.9929,5.8451,22.6161,10.5342,3.6995,111.74,7.2348,14.5678,7.0805,9.104,1.0998,90.0,6.6531,23.5,28.2775,,,11.1291,7.2283,12.6385,,,3.0886,5.1786,32.6815,12.7419,21.9154,18.8106,5.4918,8.7335,32.0022,6.5331,23.6306,,19.0554,11.1147,,8.0003,16.4394,12.4531,13.0879,27.4261,29.9088,18.614,9.5554,,23.2628,15.3195,37.4048,20.0995,8.5716,11.6886,,,14.6587
2012-02,13.4417,0.1954,9.0443,7.4512,6.5756,23.9097,11.9977,3.4179,120.4013,7.8333,15.7775,7.2955,9.7769,1.1572,93.0,7.1305,22.57,29.876,,,11.8121,7.4016,13.7913,,,3.1426,5.1603,33.3281,13.2475,25.1292,20.1739,5.6979,9.1611,33.2046,6.8882,26.2006,,20.0431,11.0721,13.556,8.5695,14.9449,14.1095,16.494,30.9068,31.8857,20.3543,9.5114,27.0451,24.9166,18.1806,40.4735,19.9237,8.8265,12.4349,,,16.2334
2012-03,22.6423,0.2241,8.5337,7.3655,5.8451,25.8604,10.9907,3.3841,106.6004,7.5552,15.3466,7.4887,9.1328,1.1068,93.0,7.0172,22.0,32.8345,,,13.5101,7.6742,13.3036,,,3.4326,5.075,31.4483,12.6761,24.508,20.0136,5.3621,8.5935,33.2972,6.8072,27.7607,,20.2164,10.2688,12.4909,9.6084,19.2949,14.4747,17.7171,30.6199,31.5316,20.0334,9.7275,27.2461,27.2006,18.0123,39.6839,19.0082,8.2531,12.1451,,,16.6261
2012-04,26.6284,0.2439,8.8909,7.6708,5.1144,24.367,10.1663,3.1816,122.6855,7.8071,15.7513,7.1091,8.3314,1.1055,93.0,7.1511,25.34,32.178,,,15.171,7.7132,13.6051,,,3.3717,4.5056,28.5759,11.3029,24.592,20.0169,5.6117,6.9206,32.2335,7.3878,26.0552,27.4766,22.93,9.9732,10.6705,9.4569,17.7356,15.6692,19.0347,31.9866,36.19,20.7104,9.3482,28.7055,26.4075,18.0581,43.7322,18.8528,7.0677,12.6477,,,16.7135
2012-05,19.489,0.2857,7.7066,6.7323,5.4796,24.0069,10.6632,3.5418,91.402,6.3511,13.9922,6.8552,7.534,1.2187,93.0,7.0287,23.9,28.3926,,40.7951,13.2421,8.1914,11.7248,,,3.516,4.7047,24.272,10.861,23.569,18.5374,5.226,6.7295,29.0331,6.8702,26.9156,27.4766,20.8722,8.373,9.5763,8.1309,8.936,15.0142,18.0606,30.9292,30.7415,17.8401,9.0392,25.9669,23.7819,16.7495,43.2824,18.0166,5.7396,11.6612,,,14.9051
2012-06,20.098,0.2893,8.4042,7.0899,5.4815,24.052,10.263,3.3786,90.921,6.8597,15.6157,6.9402,8.377,1.104,93.0,7.4246,25.6,29.5635,,,12.4015,7.7363,13.1972,,,3.6954,4.5589,23.8751,10.6606,24.8629,19.078,5.3834,6.4998,28.2149,7.3555,29.5579,24.4236,22.5772,9.9581,6.7683,9.3067,7.5231,16.3566,19.5842,31.5183,33.1249,19.7986,9.2128,27.3411,24.6807,17.9585,46.9809,18.8528,6.1638,12.4995,,,16.0364
2012-07,24.7998,0.2879,9.235,8.2303,5.4815,26.2202,10.3361,3.0632,113.4348,6.8025,16.4275,7.4052,6.7361,1.3341,93.0,6.2339,29.15,28.4099,,25.79,12.1975,7.6031,13.7471,,,3.7939,4.8775,26.6503,11.948,25.2561,17.7562,5.1551,7.3483,27.2401,7.3384,29.4964,19.5389,21.4013,9.2214,5.8195,7.1218,8.0395,17.4785,22.2494,36.6914,31.5361,20.8538,9.73,26.0007,24.0799,16.9158,53.7381,19.0658,7.3899,13.0042,,,16.7464
2012-08,37.7185,0.3103,9.2669,8.1687,5.1158,29.6338,10.3963,3.018,90.3147,6.707,15.9082,7.6677,7.7705,1.3202,93.0,6.4951,30.21,26.0261,,26.259,12.9959,8.4053,14.0042,,,3.6644,5.14,28.4129,11.8984,21.3811,16.6076,6.0602,7.1497,30.2758,7.3788,30.3413,19.5389,19.2846,9.5265,7.8528,6.7299,9.2381,16.0607,21.8223,35.1408,27.2718,19.9736,10.1666,24.8555,21.325,16.3515,50.8793,18.7161,7.8074,12.7336,,,15.8864
2012-09,39.8711,0.247,10.0839,9.0271,5.1166,27.7581,9.9019,3.2658,97.915,8.0105,17.0868,7.5615,8.083,1.4702,32.52,7.1432,33.6999,26.1978,,,12.6994,8.6729,16.3457,,,3.0108,5.1896,30.5716,11.4746,14.7186,17.2951,6.1469,6.9115,32.5043,8.595,28.0369,19.5389,16.339,10.6206,10.9415,6.5297,11.3235,16.8783,21.1077,33.6478,24.806,21.9601,10.0412,23.1716,21.7526,11.4116,55.2275,18.0966,8.0392,13.7056,,,17.2897
2012-10,39.8221,0.2598,10.802,9.522,5.1166,27.7581,9.3205,3.007,94.7565,7.5589,15.7309,7.5851,8.6923,1.65,32.6,7.0371,35.6001,26.6178,,22.5077,13.25,8.0725,15.2904,,,3.0465,5.0737,26.7132,11.2143,12.4071,18.2296,6.375,6.8118,34.3053,9.6736,28.1523,19.5389,14.3164,9.988,10.9415,6.0043,10.3491,15.7645,21.8679,34.9911,22.4828,20.459,9.8713,20.0259,20.8919,10.0248,54.128,16.8187,6.8265,12.7079,,,15.9213
2012-11,39.3819,0.321,11.9454,10.9132,5.1166,26.055,9.6879,2.7591,89.0316,7.5654,15.7649,9.2214,8.4204,1.8875,35.0,6.7747,32.2701,28.037,,22.5077,12.2331,8.3037,18.6338,,,3.0889,5.4689,27.0781,12.2834,11.8633,17.6504,6.7765,7.3711,36.0231,9.777,26.6773,20.1556,14.1047,10.256,11.5323,6.2713,13.3018,16.2824,22.0003,32.8452,21.3589,20.2589,10.9545,17.7154,22.3012,8.2983,56.537,18.2428,7.496,12.8024,,,16.3086
2012-12,40.7027,0.3414,11.647,11.0182,4.7518,33.6924,10.1157,2.6016,90.4134,6.1031,15.9517,9.8184,9.7489,1.9057,37.0,6.8195,34.5699,29.6079,,,13.5265,8.2497,20.0175,,,3.2052,5.837,31.8422,13.1766,13.1822,16.5302,7.3982,7.4738,39.1703,10.3858,34.566,20.1556,14.8162,9.5265,11.6195,6.8383,13.3212,17.1301,22.0944,31.9328,23.757,20.665,11.0369,18.1871,24.1548,9.1838,58.6162,17.9107,7.9399,13.3212,,,16.0072
2013-01,39.3819,0.303,11.2987,10.4749,5.1171,32.2594,9.8996,2.7309,100.1852,7.2411,15.5425,10.2484,10.2556,2.0004,37.0,6.5827,38.7501,31.3035,,14.3393,15.3984,7.8037,21.6404,,,2.8196,5.7806,30.35,14.1756,13.4337,15.6806,7.6894,7.7747,40.7718,11.0842,33.0299,20.1556,15.5649,11.1715,11.6195,7.3386,10.8655,17.7887,22.8142,35.3708,24.8377,20.1146,11.4924,16.1054,25.0194,9.0223,53.6782,16.4341,7.5556,13.2779,,,15.7056
2013-02,35.9573,0.3362,11.4831,10.642,5.1171,33.0094,9.7171,2.8153,83.4054,7.4573,14.6351,10.2508,10.3932,2.3241,37.0,6.5087,41.0001,32.4557,,14.3107,15.6512,7.0423,19.8932,,,2.8294,5.8613,32.7626,14.4271,12.4684,15.5879,7.8704,7.9831,40.0354,10.8082,33.0299,20.1556,13.6597,10.8513,11.6195,7.2137,10.0275,19.4809,24.4089,37.4435,22.095,18.9053,11.12,15.762,26.2219,8.2149,51.0792,15.4872,8.417,12.4912,,,14.8897
2013-03,60.5655,0.3252,11.1045,10.3559,5.1171,34.8851,9.8725,3.052,69.0323,7.0949,13.8607,11.2831,11.1203,2.1691,37.0,5.6507,33.0201,33.5819,,,16.8822,7.1239,21.6404,,,2.7197,5.8684,17.3241,15.3863,13.8348,16.2987,7.7129,8.2043,41.5734,11.3281,38.4069,18.9283,14.9719,10.1591,11.6195,7.4388,10.885,19.4047,24.5181,36.5111,23.5654,17.6144,11.83,16.0988,27.071,9.4679,49.3599,16.0488,5.5605,12.0586,,,13.8956
2013-04,49.1474,0.3437,11.2452,10.0386,5.1171,39.7904,9.9675,3.097,58.5036,8.4555,13.923,11.1146,10.0615,2.1691,37.0,5.6507,36.09,33.9325,,14.3107,16.4227,7.8836,18.9266,,,2.8597,5.9292,15.86,14.4668,15.0296,17.0212,7.6504,7.7608,46.1904,11.0744,39.8281,15.2648,17.2124,12.9503,11.6195,7.0385,9.9007,20.244,23.2407,34.4024,27.4925,17.9125,11.4076,16.1664,27.3432,9.9332,50.6494,16.5926,5.6999,11.7128,,,14.2506
2013-05,39.4172,0.4404,11.009,9.9324,4.7518,36.2301,10.348,3.2772,42.6113,8.3854,11.6414,11.4654,9.4312,2.0917,37.0,5.923,13.43,33.6706,,9.7436,18.3698,7.881,20.8423,,,3.3002,6.1551,16.0902,14.7614,14.8737,17.7796,6.7194,7.3256,46.5826,10.546,35.8454,16.7836,16.6588,12.4367,11.6098,6.9266,8.7995,20.5059,22.1923,32.9227,25.3833,15.0117,11.9107,14.8189,26.9335,10.4181,50.6994,14.268,4.5795,10.4479,,,12.0925
2013-06,38.9208,0.4334,9.9814,8.4327,4.3873,33.304,9.3259,2.9619,43.7039,7.5018,11.2491,9.9045,8.9068,,39.0,5.3847,12.8,32.2009,,,19.3206,7.2275,21.951,,,2.992,5.9226,14.1902,13.6535,13.9166,16.3578,6.3794,6.4535,45.2106,9.0255,32.5941,16.7836,12.742,12.2581,11.6098,6.8755,7.4549,20.172,19.0797,26.8275,21.3884,14.4603,10.0715,14.1386,26.3482,10.454,47.6806,12.773,4.4487,9.6676,,,11.0698
2013-07,41.6015,0.4505,10.1537,8.6816,5.1184,33.4229,9.3671,2.6184,44.5978,7.114,13.0155,10.0146,9.3521,2.0733,40.0,5.7393,13.83,30.8655,,9.7531,18.275,7.3895,22.5273,,,3.2009,5.9362,14.5364,13.4616,14.2427,16.6738,6.8732,6.5158,45.7419,9.0092,33.2443,16.7836,13.3745,13.0842,8.5208,7.2071,8.5463,20.563,19.3191,26.9687,21.6048,16.4859,9.6935,12.8656,25.6804,10.143,45.9313,14.5391,4.4693,10.8554,,,13.2036
2013-08,35.1478,0.4678,9.6494,8.4575,4.3873,32.6618,9.3878,3.0801,37.7443,7.7817,15.3686,10.2547,9.5846,1.8778,40.0,5.6252,13.9,29.6965,,,18.4442,6.9628,24.4609,,,2.9332,5.1935,15.3059,13.1618,15.0651,15.6966,6.4846,6.5456,51.9538,10.0395,32.5127,16.7836,12.4683,13.0619,7.9399,7.972,9.93,20.1998,16.1736,21.4245,22.0605,19.2528,9.7039,11.7273,24.006,10.5649,44.7518,14.7854,5.7365,12.4635,,,15.2188
2013-09,42.8,0.5005,10.4078,8.9606,5.4852,32.2336,10.3675,3.0407,45.3,8.0995,14.8757,11.2062,10.9333,1.8494,40.0,5.5947,13.26,31.5521,,9.6387,16.8237,7.6897,22.5895,,,3.1375,4.7697,17.3879,14.127,16.7665,15.608,6.8328,7.0549,50.8244,9.5095,31.0091,16.7836,13.7454,13.2107,9.6732,8.7369,10.2809,21.2741,17.8662,26.2532,24.3013,19.2436,10.6469,11.9899,25.2375,12.4544,49.4799,15.5493,6.2737,11.9405,,,15.1291
2013-10,37.6,0.4987,10.5995,8.7296,5.4852,32.4953,10.6521,3.5192,40.2,9.5171,15.8344,11.6809,11.2756,1.8414,40.0,5.2897,13.4,31.8114,,11.2515,15.4358,7.3848,25.7645,,,3.1959,4.6927,20.0112,15.3084,16.6106,15.4066,6.76,7.5645,49.5067,9.7054,32.0983,15.4476,13.861,14.796,10.6414,9.7057,11.1383,23.2358,19.5999,27.1381,24.1391,20.8259,11.32,11.9899,26.0726,11.7862,44.7818,16.2147,6.6592,12.9429,,,16.5617
2013-11,35.7,0.547,10.1648,8.58,5.4852,33.7005,10.3396,3.3786,38.7,9.8159,16.2362,11.1763,10.932,1.9927,40.0,6.0844,15.86,29.3447,,10.4976,17.1259,7.5764,24.647,,,3.0139,4.6113,17.3457,14.3744,16.653,15.6483,6.6547,7.29,48.1043,9.8851,32.6347,15.4476,14.8479,15.4807,10.7578,9.8077,11.1091,22.5859,20.1118,28.661,24.7881,20.788,10.8786,13.2697,24.2636,12.3631,43.1824,17.6685,6.3701,13.177,,,16.7058
2013-12,35.9,0.5412,10.056,8.524,5.1194,35.3657,9.7013,3.3504,36.1,10.4897,16.5431,10.5316,10.4579,1.8901,40.0,5.8018,14.9,29.2926,,,17.9209,7.8499,24.5229,,,2.8719,5.8224,16.6713,13.8387,15.8945,15.3665,6.598,7.0296,46.3538,10.0159,34.1383,15.4476,14.2106,15.6295,10.777,10.4791,12.0836,21.7764,21.8455,27.9037,24.1012,21.429,10.3426,12.3942,24.2153,12.0898,41.3532,18.6397,5.8054,13.2562,,,17.1307
2014-01,41.7,0.528,9.4063,7.8315,4.0226,38.4582,7.8575,2.8492,46.0,9.1485,15.4695,9.472,9.4043,2.1474,40.0,5.8177,12.7,30.4528,,,17.4465,7.1873,23.9908,,,2.8403,4.4468,14.2733,12.9732,16.3554,14.5778,5.7966,6.651,41.0517,10.0812,39.0315,15.4476,12.7449,13.8283,10.777,10.7426,10.9825,20.7451,18.378,23.6054,21.9698,19.6158,9.3077,11.288,24.288,11.5432,39.254,16.0695,5.6814,12.4656,,,15.5953
2014-02,35.9,0.4504,9.2592,7.744,4.3883,38.4582,7.9897,2.9315,40.2,8.2456,13.0252,9.7073,10.5851,2.1511,40.0,6.3064,13.13,28.5343,8.0632,12.597,19.8751,6.8441,21.9953,,,2.6177,4.2019,14.2336,13.7025,15.9513,13.5232,5.7804,6.7389,40.748,9.4768,30.5618,15.4476,11.6742,12.0198,10.777,9.7398,9.0432,20.8603,17.7505,25.218,19.933,16.4013,9.8042,11.714,23.2663,11.5614,34.496,13.9039,5.5918,10.2781,,,13.2746
2014-03,31.2,0.4803,10.7608,8.9711,4.0227,38.8547,8.7901,2.875,32.3,9.3079,13.161,11.2077,10.7696,2.0567,40.0,6.0794,14.0,32.582,8.4577,14.6011,19.2507,7.2158,22.3767,,,2.7142,4.6293,15.9342,15.0509,18.8933,14.9721,6.1527,7.3516,43.0075,1.9069,30.1961,15.4476,13.8856,13.2405,10.777,10.0712,8.975,21.9646,17.4202,27.7541,23.5327,16.0158,11.2055,12.1179,26.1236,12.3509,38.1045,15.7999,5.5713,10.4638,,,12.7025
2014-04,21.4,0.5515,10.8638,8.9773,5.12,39.4927,10.4193,2.8469,22.5,8.3705,12.1187,11.435,11.6851,2.1907,40.0,5.1352,13.8,31.8591,8.5018,,18.4028,7.3241,19.6894,,,2.7201,4.4117,16.3604,16.2069,19.5962,15.7005,5.8126,7.7885,47.9445,1.8822,29.2402,15.4476,14.5469,11.7586,10.777,10.2839,7.8057,22.3926,18.1009,26.5851,25.9423,14.8658,11.9321,11.5231,25.3895,13.4694,38.1745,16.5127,4.8619,9.5535,,,12.0124
2014-05,19.4,0.6832,10.6855,8.9378,5.12,36.7718,10.5312,2.4015,20.5,8.273,12.1447,10.6825,12.4016,2.4143,40.0,5.8767,16.24,30.4378,8.3126,13.7325,19.4619,7.774,18.7581,,,2.7462,4.4709,15.9674,15.2717,19.9297,15.1108,5.9699,6.7869,45.7702,1.7923,28.8309,17.1321,14.5139,11.3106,10.777,10.6331,6.9482,21.5406,18.6666,29.5341,26.1696,15.1047,11.2276,11.5312,24.3039,14.9162,38.5943,18.3775,4.942,9.6945,,,12.35
2014-06,19.5,0.7716,11.3367,9.5444,5.0237,34.8687,10.6476,2.5311,20.8,7.8474,11.7896,10.9134,11.2317,2.4143,40.0,5.7671,18.4,30.6075,8.0656,,19.3191,7.788,19.0064,,,3.1201,4.4401,17.6409,15.7544,20.612,16.8795,5.7504,6.9151,50.6976,1.7923,29.1567,17.1321,15.5389,10.8857,10.777,11.2975,6.7435,21.0405,20.1835,31.1581,27.5096,14.4747,11.6062,11.5609,24.8971,14.4018,37.2349,20.0007,5.3666,9.2142,,,11.7184
2014-07,14.7,0.7434,11.618,9.3633,4.9636,34.8687,10.7323,2.1928,15.2,7.5195,12.163,11.9905,9.8223,2.1907,40.0,5.1216,18.28,31.0155,8.247,13.7325,20.6202,7.6924,19.7514,,,2.9786,4.874,19.6783,17.2883,21.4499,16.4394,5.4782,7.5519,53.1032,1.8413,29.115,17.1321,16.1869,10.8393,10.777,10.5104,7.1624,20.9005,17.2182,28.5807,28.5812,14.9473,12.5419,11.122,24.7459,15.302,36.2852,19.7597,5.237,9.5877,,,11.9015
2014-08,14.5,1.1529,12.7357,10.2372,5.1043,28.5932,10.8873,2.1987,14.9,7.9521,11.8615,13.5788,11.1614,2.3696,40.0,5.4888,,32.7427,8.3859,16.5889,20.8691,8.0642,20.6472,,,3.393,5.6021,24.9048,19.359,23.9516,18.7559,5.9437,8.7297,57.3131,1.8776,30.4934,17.1321,18.2896,11.7819,10.777,10.974,7.3086,23.6905,18.3323,30.7735,32.2026,14.7524,14.8084,11.375,26.6126,15.9311,40.9933,22.8211,6.5607,9.5423,,,11.9938
2014-09,17.4,1.0927,11.1898,9.0819,5.2717,28.423,11.1882,2.4015,17.9,8.1612,10.7814,11.8867,10.981,2.2354,40.0,4.8572,,33.3107,8.7326,12.4466,23.1577,7.3651,23.8046,,,3.6343,4.6608,18.1991,16.3681,19.7871,16.1893,4.7846,7.4317,55.725,1.9689,31.3288,17.1321,15.4528,12.5157,6.6036,11.2712,6.4706,21.2758,16.9525,24.0422,27.0709,13.1619,12.6391,11.0104,27.022,13.9233,36.965,19.1845,5.906,8.979,,,10.4014
2014-10,13.0,1.0193,11.7781,9.5952,4.3237,29.1518,9.4354,1.9393,13.7,9.2564,10.15,12.4041,9.5444,2.137,40.0,5.6398,,34.9977,9.0353,,23.0044,7.4654,26.616,,,3.1554,5.1211,19.9468,17.0444,18.4643,15.7573,4.7056,7.929,61.705,2.0107,28.8225,14.5188,16.1934,14.0069,6.6036,11.7784,6.4316,22.1957,16.6184,21.8863,28.1023,12.4642,13.5472,10.6087,27.5671,13.9494,35.9854,18.8784,5.8987,8.21,,,9.6372
2014-11,13.8,1.0908,13.6309,10.3455,4.5657,28.423,10.4604,1.8208,15.1,9.375,10.0232,12.9894,9.2107,2.9417,40.0,5.9526,,36.5141,10.3697,11.2884,22.6688,8.0492,27.3433,,,3.2312,5.4057,21.3765,17.8414,19.5527,16.6976,5.092,8.402,63.5325,2.2525,30.6521,14.5188,16.9256,14.8722,6.4876,10.8952,6.5777,22.6064,16.464,18.9237,28.7613,12.1212,14.3684,10.8616,27.8941,14.9436,35.2557,19.1009,6.1507,8.1848,,,9.0854
2014-12,8.61,1.0467,13.8886,10.3455,4.048,39.6789,9.5132,1.618,9.15,7.5334,8.8095,12.1233,9.6811,2.9328,40.0,6.0758,,32.8445,10.8459,,23.5584,8.2377,28.8332,,,3.0558,5.0519,17.3737,16.8637,20.2633,15.6641,4.776,7.5568,60.7004,2.4116,33.0415,14.5188,17.4512,13.5202,6.4876,10.3006,11.9862,21.128,14.5784,19.5286,29.2501,10.5443,12.9759,11.0848,26.0074,14.746,31.837,15.7892,5.3953,7.2312,,,7.976
2015-01,4.99,0.93,12.5396,9.2937,4.1138,38.6667,8.9278,1.1275,5.4,6.2082,8.3773,11.8475,8.5562,2.7719,40.0,5.169,,35.2456,10.1766,,22.8837,8.6295,28.6471,,,2.7929,4.9373,15.1008,15.7341,17.8068,14.2662,3.8014,7.3557,62.1335,2.2691,29.9087,14.5188,15.2787,9.6186,6.4876,10.3531,16.576,21.7644,11.3989,13.1845,25.4205,9.1817,12.4909,10.2219,27.0146,13.7521,31.3373,13.136,4.9709,6.6288,,,6.9502
2015-02,5.94,0.934,13.4589,10.124,4.3462,36.4398,10.1325,1.0316,6.35,6.7314,9.3521,13.3353,9.8086,3.1205,40.0,5.1537,,38.0136,11.8935,10.4048,24.0019,8.7302,32.6914,,,2.9175,5.5848,17.4023,17.1032,17.7993,15.7319,4.0297,8.1458,62.1818,2.6462,33.6848,14.5188,16.4703,9.889,4.183,10.4232,14.3249,24.4666,14.5186,15.6042,28.1094,10.4137,13.9935,10.3781,29.7688,12.5079,28.1086,12.9504,4.8917,7.5283,,,7.856
2015-03,5.13,0.9988,13.3095,10.4942,4.2164,36.4398,10.1188,1.3899,5.14,5.6501,9.404,12.9253,10.8001,3.3084,40.0,5.9714,,35.5496,13.6158,13.2515,23.7024,9.1061,40.0881,,,2.9009,5.4129,17.077,16.8298,17.8825,17.3331,3.8804,8.0661,61.0912,3.0677,34.5871,13.4019,16.4703,8.4984,4.3668,9.3038,20.9515,27.2808,15.1784,14.363,27.4169,10.1487,13.2579,14.1202,27.8734,13.2979,26.8891,13.3586,5.7765,7.122,,,7.7162
2015-04,5.65,0.9885,13.5683,10.4942,4.7306,36.8799,11.701,1.3726,5.65,7.1838,9.3022,12.8998,10.9905,3.4248,40.0,6.1094,,36.3072,13.8253,11.2884,22.7108,8.8774,37.4717,,,2.9175,5.6111,19.8422,18.1576,15.9832,16.8332,4.3546,8.5753,62.1528,3.0845,35.2996,13.4019,16.6446,10.2497,5.338,8.5661,16.3906,29.1786,15.5611,14.0914,28.3729,9.2382,14.3801,15.4741,28.7533,14.3937,28.7883,17.4576,5.9348,7.0765,,,7.7813
2015-05,7.07,1.1088,13.0911,9.9932,4.3672,32.8641,11.4062,1.6129,7.05,7.5423,8.0764,11.2618,10.1623,3.3978,40.0,6.4566,,32.7011,14.2143,17.1779,23.0589,9.6627,39.0378,,,2.9134,5.1882,17.2668,17.0035,16.6478,16.3841,3.5116,7.1284,62.2011,3.2613,35.1219,13.4827,15.627,10.5507,4.6367,8.5051,15.5216,28.8841,16.2166,12.2617,27.4191,7.3401,12.6209,13.2375,26.2716,13.7012,28.6583,16.6263,5.751,6.5952,,,6.0847
2015-06,5.85,1.2605,14.0299,10.534,5.0733,32.7821,12.1685,1.5728,6.0,7.3554,6.9771,12.1743,11.7413,3.4695,40.0,6.8645,,31.7605,14.2813,14.7239,22.9037,9.2251,37.8598,,,2.9992,5.2934,18.6705,17.4113,16.4964,16.308,3.0738,7.2115,63.3881,3.194,35.2573,13.4827,17.1898,11.0794,4.1495,9.2454,12.9444,27.6469,14.4246,10.6664,29.243,5.9945,12.845,12.1929,25.4465,12.85,27.5288,16.5578,5.9098,5.6074,,,4.8603
2015-07,4.84,1.3549,13.9488,10.6134,4.5252,32.7821,11.5069,1.447,5.0,7.0196,5.4961,12.0479,13.4335,4.2384,40.0,6.7333,,32.9053,16.0266,14.8613,23.1361,9.5825,40.6444,,,3.1363,5.0213,16.9553,16.4495,16.0926,16.3333,2.7199,6.7983,69.8968,3.5214,33.8184,13.4827,17.1459,10.201,3.8964,8.478,9.44,29.5699,15.2726,9.2894,29.5193,3.2937,12.3031,11.5945,26.5948,13.0753,25.4496,13.7802,5.8266,4.6102,,,2.8229
2015-08,2.7,1.236,13.1881,9.8979,4.4495,30.9381,10.3777,1.1725,2.7,7.2062,4.9421,10.9751,13.6044,4.462,40.0,6.2674,,29.5375,15.2941,12.2699,22.2836,8.4277,45.7138,,,2.6213,4.4016,13.8155,14.4812,13.5689,13.3006,3.2508,5.946,67.6114,3.2747,32.1597,13.4827,15.518,11.4456,2.9222,7.9453,9.4204,27.359,13.7514,7.3974,25.938,2.8545,10.403,10.7435,23.8025,11.3648,23.6804,11.433,4.8202,4.1309,,,2.4137
2015-09,2.79,1.1856,13.1447,9.4152,4.3153,24.6767,9.6116,0.9838,3.08,8.9162,5.1494,10.3122,13.8763,4.5605,35.01,6.1352,,26.9134,16.5168,12.2601,24.7271,8.245,48.0164,,,2.4571,4.5688,11.9721,14.1659,12.795,12.5973,3.2042,5.8417,68.652,3.6148,29.3584,13.4827,15.6633,13.5606,3.3216,6.7806,8.0635,28.7944,13.8476,9.6947,27.3103,2.7692,9.6753,9.8165,21.4006,10.8475,19.4921,11.2961,4.6084,4.0936,,,2.4513
2015-10,2.12,1.1382,13.5587,9.3433,4.4764,30.8152,10.5414,1.0123,3.14,11.0146,5.1118,10.247,14.7677,4.8285,33.0,6.188,,29.393,16.6391,9.816,27.4228,8.5843,46.9812,,,2.4135,4.4904,12.5782,14.3426,13.6277,13.1226,3.7258,5.8906,58.45,3.5232,33.4292,13.4827,15.9831,17.7174,2.9319,7.6294,7.7218,28.8807,14.6343,10.1229,27.193,2.4658,9.494,10.735,23.4363,10.013,22.8907,12.548,5.6148,3.7973,,,2.1685
2015-11,1.76,1.1123,13.9888,9.5826,4.9819,28.2828,11.2808,1.2411,2.89,12.299,5.7839,10.513,16.8117,7.1982,32.0,6.1201,,27.2576,18.0048,,29.4786,8.6458,51.0777,,,2.2965,4.5025,12.9496,14.6688,11.3228,13.3344,3.8004,5.9315,53.5289,3.4204,31.652,13.4827,13.9552,21.3293,2.5618,6.907,6.3649,27.04,16.5402,12.7502,24.0136,1.8777,9.5565,9.5133,22.4328,9.9713,21.1714,10.5625,6.2504,3.8804,,,1.5936
2015-12,1.95,1.2175,15.7413,9.9581,5.2971,27.5452,12.226,0.9896,2.4,11.8809,4.4092,9.5431,14.826,7.6005,30.0,6.0408,,26.4395,17.7923,9.816,29.3159,8.2279,49.4324,,,2.5251,4.3101,11.9024,14.2286,11.2723,12.8599,3.8376,5.7106,53.8791,3.2579,30.4671,13.4827,11.6293,22.4681,2.5618,6.1938,3.9244,26.0572,16.549,12.0874,20.3321,1.5742,9.0987,8.4178,23.7316,8.5111,23.4804,9.6823,6.5682,3.2539,,,1.4237
2016-01,1.65,1.3482,15.1532,9.2088,4.697,27.5452,10.52,0.7951,2.19,12.09,3.4134,9.1337,14.3958,5.3741,30.0,5.5123,,25.8419,15.9335,11.0724,27.9274,8.7941,41.9731,,,2.2351,4.2303,11.1837,13.1081,11.0957,13.7325,3.847,5.7106,47.517,3.1465,27.6743,9.8124,10.4665,19.5234,1.0229,5.7512,3.1141,25.596,18.6383,10.0365,18.4495,0.9767,8.5742,7.7185,21.7646,8.0939,22.4009,7.9414,6.9238,2.4312,,,0.99
2016-02,1.21,1.2342,16.1693,9.6255,5.0102,23.7671,12.0516,0.7951,1.26,12.3141,3.347,10.8652,12.7863,7.1534,28.0,6.1542,,28.3992,16.4198,11.7791,29.3256,8.8376,41.916,,,1.8858,4.435,10.9337,13.1749,11.4406,14.1478,4.2288,5.7133,50.6402,2.9128,26.4895,9.8124,11.2515,20.7436,1.0715,6.275,3.3777,27.8055,19.766,11.4868,19.3531,1.1476,10.0914,9.2773,23.836,8.0104,26.5692,7.9219,8.0211,2.5806,6.9331,,1.2444
2016-03,1.15,1.3691,16.2279,11.0689,5.7931,25.4061,13.6642,0.9007,1.05,15.3084,6.1824,14.0628,13.1537,6.9745,28.0,8.1363,,33.7411,14.7933,16.5889,23.1998,9.9468,28.903,,,2.2074,5.0947,16.1324,15.512,13.3418,16.6043,3.8749,6.8566,50.6663,2.6542,32.8283,9.8124,13.4029,19.0434,1.9482,7.223,3.9928,30.876,20.9637,14.5829,23.9718,2.3045,12.8118,10.7857,26.9573,9.4289,26.5292,9.7019,8.9593,4.5161,7.267,,2.3948
2016-04,1.02,1.3818,15.6517,10.6643,6.1219,26.1885,14.9619,1.075,0.86,16.7113,7.4055,14.46,13.7273,5.4635,28.0,9.5503,,32.3372,13.3114,22.4098,20.0092,9.2607,29.4534,,,2.2351,5.3934,18.0414,16.608,12.1137,16.8162,3.5677,7.2676,48.5827,2.4131,33.7048,9.8124,14.3542,21.1166,2.3573,7.0823,4.393,32.0396,23.2966,16.7665,24.0883,2.7596,13.4934,10.9542,26.7045,9.2286,25.4896,10.1218,9.0956,5.2923,7.8079,,2.7624
2016-05,0.91,2.2775,15.0072,10.3851,5.9262,28.7229,14.0106,1.1389,0.89,14.4911,5.2814,12.6295,12.2767,7.0195,28.0,9.9212,,32.0803,13.9508,34.4837,18.2875,9.9249,32.3812,,,2.1819,4.8982,13.5459,14.8183,10.2485,15.6492,3.9388,5.992,45.097,2.3194,33.4099,10.8686,12.1612,18.063,1.9482,6.6003,4.7834,30.1947,22.5817,20.3665,20.1487,1.8302,11.887,11.2246,26.1397,7.4097,22.5108,8.8443,7.6871,3.6748,8.1187,,1.9233
2016-06,1.32,2.4243,15.7005,10.9342,6.3332,31.4007,14.6554,1.2086,1.95,12.7325,5.5847,14.0811,12.8174,5.6155,25.0,10.5138,,33.6962,11.8525,,17.0609,11.8074,20.8733,,,2.1895,5.0218,14.2475,15.1534,10.0707,17.6268,3.7531,6.3817,44.5638,2.0068,37.0449,13.4827,15.4737,16.3771,1.5585,6.3407,4.9591,31.4599,25.6616,23.6595,24.8625,1.8967,13.2398,12.1446,27.6387,8.3936,25.4896,11.075,8.4278,4.0112,8.4501,,1.9233
2016-07,2.48,2.924,18.7406,12.6039,6.8558,31.3924,16.5511,1.4295,3.0,11.1807,7.3487,15.2435,14.129,5.6778,21.5,11.936,,37.7859,13.0593,,14.458,11.5322,19.1864,,,2.5749,5.7015,17.457,17.1031,11.7802,19.5531,4.5154,7.0293,54.3,2.2674,42.5106,13.4827,16.4467,15.9471,3.2924,7.7034,8.2002,32.7563,27.1792,26.3774,27.3556,2.5795,14.9225,14.0767,29.1699,10.5972,33.2865,14.2983,10.564,5.1708,9.827,,2.5362
2016-08,2.52,2.5059,18.8187,13.5028,7.0373,33.7916,18.4189,1.7897,3.98,17.0694,8.6364,15.2009,13.3832,5.8698,21.5,14.8079,,37.3716,13.1585,18.1545,13.9704,11.3478,21.3386,,,2.6517,5.9028,19.3697,17.9015,11.4163,19.9039,4.1147,7.2896,53.85,2.2712,43.3695,13.4827,16.5007,20.7381,3.4873,7.7034,7.0774,33.609,25.935,26.5654,28.0447,3.5185,15.3009,12.7794,29.3094,10.3029,31.1473,14.9272,9.5894,6.0573,9.9664,,3.4507
2016-09,2.88,2.5059,19.7583,13.8604,6.737,33.7916,17.8667,1.6969,3.7,18.2949,8.4272,14.8227,13.3013,5.2596,21.5,14.8543,,36.0358,13.1892,19.841,13.6771,11.5269,22.3081,,,2.6517,5.8578,19.1377,18.202,12.4402,20.7088,3.7531,7.0804,55.32,2.4379,42.0768,13.4827,16.3307,21.5983,3.4873,7.3233,9.2252,32.0873,26.6409,26.316,28.6149,3.2528,15.6327,12.8621,28.5322,11.1522,31.2173,15.6052,9.3088,6.1514,9.5546,,3.2056
2016-10,2.73,2.6256,20.2783,15.158,7.2506,35.5657,21.3589,1.8129,3.31,20.4387,10.4818,16.9827,15.7923,4.3979,21.5,16.3651,,35.747,12.7327,,16.7427,10.6978,24.7609,,,2.5488,6.2831,24.585,21.4124,12.5503,20.7345,4.3395,8.014,53.4,2.5168,41.3307,20.2241,18.2611,25.5584,3.1658,8.2132,8.6102,32.6608,29.7383,26.8228,31.0994,4.5047,18.0117,12.7611,27.8895,10.8916,30.6475,17.2463,9.6362,7.6068,9.871,,4.0541
2016-11,2.21,2.9223,16.0464,12.4769,8.0166,35.5657,22.8694,1.5397,2.75,20.9683,12.9072,15.6104,15.3828,5.413,21.5,15.1293,,34.9576,13.2426,24.8013,16.1765,10.4697,30.0641,,,2.1462,5.8506,24.0153,19.6658,11.4031,21.1111,3.8899,7.3096,51.65,2.4524,39.0403,20.2241,16.215,24.8622,4.286,7.6942,8.62,31.2022,26.438,27.6531,24.6328,5.5384,16.0337,13.2578,27.1868,10.4165,26.1893,14.7208,9.0124,8.9127,9.0456,,4.8368
2016-12,2.25,2.2898,16.6537,12.0704,7.9378,35.5657,23.982,1.4818,2.63,25.2142,10.2877,15.867,15.2638,5.4673,21.5,15.477,,34.1215,13.8273,24.7715,15.6199,11.2967,30.9173,,,2.1884,5.9361,23.7406,19.2946,11.7515,21.582,3.6163,7.2239,48.25,2.5232,43.3695,20.2241,14.7326,30.9648,4.286,7.2585,8.0635,30.9087,25.4055,29.6081,23.2799,4.5521,15.8044,14.6195,26.928,10.8505,23.0106,17.0596,8.529,7.4351,8.8076,,4.0731
2017-01,3.2,2.244,16.413,12.7534,9.2318,35.4811,26.3546,2.0571,3.65,25.6934,11.6212,17.5177,15.764,4.5199,22.0,16.4882,,36.4314,12.6728,31.7457,17.5723,10.0504,28.4742,,,2.3264,6.4904,26.293,20.6773,15.1578,21.8729,4.3884,8.0962,44.46,2.4788,41.3828,20.2241,17.5508,29.4188,4.7243,8.2966,8.0732,29.8746,27.6646,35.0107,27.3556,5.3297,17.8326,16.8277,28.5225,12.2914,25.2597,19.3297,9.948,8.122,9.1475,,4.3936
2017-02,3.44,2.4508,16.0893,12.996,10.8877,35.4811,28.9217,2.1499,4.24,26.0633,12.3358,17.7996,16.468,4.1203,22.0,18.8066,,35.8381,12.2085,28.9679,17.5042,10.7141,25.7692,,,2.6031,7.3217,27.9748,22.5325,15.5672,22.0542,4.9357,8.797,40.62,2.4695,40.5586,19.917,19.8208,29.229,5.8445,9.0475,8.7858,29.5314,29.0147,41.8489,28.6745,5.5573,18.236,18.1709,27.9699,13.2377,25.6096,21.9338,11.133,8.5832,10.1101,,4.4313
2017-03,3.92,2.0756,16.0501,12.8602,9.6704,35.4811,23.2738,2.2081,4.14,25.2142,10.3735,17.4986,14.4817,4.0385,23.0,18.7712,,36.5818,11.9326,17.8569,17.013,10.1521,27.9894,,,2.2125,6.8289,28.6237,21.7342,16.8129,22.2529,4.4959,8.3352,38.61,2.3979,41.4522,19.917,19.983,28.7045,3.76,9.3628,8.1806,33.2382,28.7588,36.2733,27.8576,4.6942,17.6787,16.8277,26.5856,13.1942,28.9982,19.4181,11.4696,9.9293,8.6188,,4.1202
2017-04,3.4,2.0504,16.5209,13.2675,9.1903,37.2479,23.0801,2.063,4.09,25.0544,9.335,17.7864,14.5684,4.0123,28.0,23.3065,,38.0991,12.4889,15.2,15.1257,10.348,28.5033,,,2.2106,7.04,27.8439,21.9358,15.7675,22.4514,4.3395,8.6772,39.79,2.5421,42.5531,19.917,18.0296,30.8653,4.3638,9.5678,8.5712,32.6813,26.8138,29.5438,24.82,4.3624,18.2514,16.4596,28.6715,12.9338,30.2377,21.472,12.7315,9.1009,8.5983,,3.8563
2017-05,3.55,2.1639,14.3235,12.0261,8.4575,37.2302,21.5144,2.2952,3.97,24.592,9.0873,16.2728,15.488,4.9542,27.95,25.1925,,37.7046,13.3054,13.0,15.7657,10.9835,36.8512,,6.2383,2.2728,6.5117,24.1873,20.8027,14.6655,22.7019,3.6651,7.8525,43.32,2.5802,42.5803,19.8278,18.6423,29.9521,4.286,9.2508,8.3369,34.7372,26.5664,28.6413,24.4417,4.2297,16.5476,17.4533,29.2526,12.8238,32.5568,20.9217,10.5514,8.9033,9.243,7.4317,3.7996
2017-06,3.42,2.1481,13.7348,11.7836,8.3991,37.3278,21.1425,2.2081,4.04,25.0461,9.7924,16.6191,15.3578,4.5251,27.95,23.7858,,36.1738,12.9308,13.0,14.9372,10.6205,33.5833,,5.1689,2.2645,6.5243,22.9392,20.9849,13.8513,22.8919,3.8606,7.9262,39.2,2.5443,41.9461,19.8278,15.9192,30.9195,4.101,9.1295,8.62,35.9764,29.0032,33.0919,21.5279,4.7134,16.9378,16.5609,28.1371,11.8373,25.6895,22.0223,11.0159,9.5619,9.1359,5.5323,4.0353
2017-07,3.41,2.2351,15.3731,12.5207,8.6074,37.2746,21.5737,2.8473,4.27,30.2671,10.1543,18.281,15.228,4.288,,26.6526,,37.6807,12.7475,14.3,15.5689,11.8605,32.8582,,5.1689,2.34,6.7813,24.5654,21.3428,13.9586,23.194,4.4763,8.1281,36.92,2.5443,43.6222,19.8278,17.7626,33.7312,5.1335,9.9221,10.1429,34.3427,30.7346,35.061,22.739,4.9883,18.3012,18.5113,29.3261,11.8642,25.0398,22.1598,11.6757,10.0045,9.41,5.9637,4.3276
2017-08,3.7,2.2768,17.4334,14.0046,9.5451,41.6822,23.8366,3.1436,4.49,31.0238,11.3082,19.5651,15.6008,4.5043,,28.3153,,39.3989,13.7674,16.7,17.7015,13.7086,41.5098,,5.1689,2.4269,7.5307,26.4525,23.0139,13.1802,23.3926,4.662,9.0275,42.52,2.8007,47.101,19.8278,19.036,34.4545,5.8445,10.519,10.0159,34.4948,29.4521,35.665,25.2228,5.3677,20.3686,20.793,31.9251,11.3441,29.488,20.2436,10.9914,11.0976,9.8266,5.6884,4.7142
2017-09,3.58,2.3411,18.8853,15.2364,10.4843,48.777,23.4966,3.3296,5.05,35.9843,10.5353,20.2737,15.5228,4.7703,,26.3235,,40.7137,14.7565,16.0,17.7001,14.2928,42.5626,,5.5251,2.4526,8.0073,30.1396,24.7854,12.9117,23.505,5.4244,9.7754,45.67,3.0372,48.9039,19.7864,19.522,38.3601,8.2602,10.7707,9.8109,35.3683,30.4873,35.6623,24.7751,5.0168,21.2723,19.7718,33.4535,11.5952,31.1873,19.2904,11.2114,10.3997,9.9026,6.4225,4.6199
2017-10,3.82,2.0756,17.247,13.8784,10.3725,45.2296,24.4361,4.1546,4.68,43.7106,10.4494,19.9076,15.5576,4.8345,,25.7965,,40.8888,15.1987,15.1,15.5036,14.6728,51.989,,5.258,2.2389,7.6943,29.7422,24.8082,11.6322,23.7468,5.2778,9.2877,44.25,3.1098,47.6265,21.4801,17.9972,47.3376,7.8123,11.3117,11.7437,36.6786,27.2993,32.8293,21.9317,4.846,21.0591,18.6033,33.7413,10.4294,30.9574,17.9637,10.3069,10.2205,8.9928,5.5051,4.5256
2017-11,3.88,2.1172,14.5491,11.7449,10.2968,43.8993,24.6837,4.2884,4.52,39.5995,10.6037,18.46,15.5228,4.7543,,23.4295,,38.4437,14.6057,16.0,15.4839,14.2162,44.8671,,5.4628,2.2642,7.5955,26.0226,23.9718,10.9791,18.1253,4.8477,9.199,38.48,2.9927,48.1248,21.4801,16.5476,41.0452,8.8156,11.078,10.6407,32.9686,29.956,34.8757,20.2467,4.8281,19.8374,17.8857,30.3297,9.7747,29.1481,15.8214,10.8772,9.0222,9.2328,5.7344,4.4037
2017-12,3.47,2.0979,16.7269,12.734,11.1483,43.1455,27.229,4.5882,3.63,37.6605,11.8478,19.9687,16.5084,4.662,,26.4485,,40.0964,14.401,16.35,19.8726,14.8537,47.5291,18.3999,5.5251,2.2266,8.1692,27.7406,24.3462,11.8111,16.7091,5.6101,9.737,36.6,2.8825,49.6015,21.4801,17.9302,39.8959,8.8642,12.2984,10.5724,35.2228,31.4492,36.999,21.8966,5.5138,21.0921,24.9332,32.7242,9.9631,33.0466,16.4012,12.2543,9.8072,9.0295,5.4683,4.8203
2018-01,3.6,2.0247,16.6571,12.703,13.367,47.8014,31.8556,4.8264,3.6,43.7208,13.7809,24.5102,18.3174,4.5326,,27.0357,,44.4098,14.5727,14.1,19.8925,15.5263,54.512,20.3393,6.3626,2.1749,10.2115,34.5928,28.6534,13.7797,18.5224,6.1085,11.9242,35.35,2.9653,48.161,21.4801,19.9419,45.9821,9.0688,12.674,13.7744,38.2941,33.3272,38.4572,22.4599,6.5516,25.4059,24.8412,34.5906,12.2946,34.9058,16.3128,12.3439,11.689,8.8385,6.3714,5.7768
2018-02,3.8,1.8947,16.6374,12.6835,13.5876,47.8014,32.6824,6.1373,4.04,42.1451,15.9056,22.9623,19.2647,4.6087,,24.4492,,41.7707,14.9184,17.5,21.6214,14.2937,61.2564,21.4124,6.4081,1.9935,10.8319,36.4411,28.185,13.6007,20.7849,5.9131,12.0931,29.92,2.9121,53.633,20.6704,21.0351,43.2182,10.8124,13.2373,12.7786,35.3824,34.4906,37.8735,23.2296,7.5039,24.1831,24.7216,33.4549,12.0167,34.316,15.0059,12.3684,12.8051,8.038,6.4275,6.5153
2018-03,3.52,2.0411,18.5692,13.6787,14.9023,47.8014,35.4734,5.9354,3.94,42.2923,14.8609,23.9959,19.9525,6.8295,,25.026,,41.5644,17.252,17.86,21.4334,13.9645,64.5939,32.8422,6.7737,2.0712,11.3975,36.0476,29.1737,14.1376,21.5102,5.1116,12.7238,22.83,3.0883,49.819,19.2412,21.1544,44.6699,10.8124,13.5189,12.0171,33.7156,32.0629,41.8501,23.8986,6.7992,24.6501,24.4732,35.1071,11.9,31.987,13.3155,13.2402,12.4639,8.5976,6.7968,5.6631
2018-04,3.28,1.9141,19.6633,14.547,14.6561,48.6833,34.0114,5.1108,3.87,40.6214,15.9634,21.8986,19.6525,7.2012,,24.0763,,41.6556,17.6939,34.16,22.0873,14.0636,68.3486,40.6179,6.8057,1.9801,11.3568,32.2433,28.5172,15.7035,21.1255,4.4275,12.5576,24.8,3.1071,51.0071,21.4801,20.9983,42.483,10.5582,15.0154,12.5866,28.7381,33.1814,43.8695,24.5492,7.4469,23.7434,27.5,35.7485,12.5547,32.1969,17.3799,12.515,13.3361,8.2473,6.9799,6.3165
2018-05,2.9,1.712,17.5148,13.181,13.8316,47.6965,30.1472,3.637,3.52,40.8889,14.2562,17.9133,17.7983,7.0052,,22.6656,,38.5699,17.7356,35.0,22.4365,13.0624,70.78,42.6359,6.4553,1.7736,9.5983,26.8621,24.7172,14.8236,19.999,4.0952,10.3619,21.42,3.1618,46.9328,19.0016,18.3702,44.1562,10.5582,12.7125,11.9402,23.7701,24.6784,39.3396,21.5344,6.5182,20.0461,28.9353,33.6328,12.0045,33.7063,12.2373,11.5354,10.9136,7.4544,6.6471,5.6407
2018-06,2.89,1.6537,16.4304,12.6346,12.3243,47.6965,26.1489,3.4725,3.5,44.1281,13.3988,16.7563,16.6166,6.6041,,24.3897,,38.7734,16.5614,42.02,24.2224,12.257,72.57,44.4858,5.4408,1.7294,8.8768,25.4162,23.2321,14.6712,18.9248,3.5674,8.4826,18.0,2.9278,43.4221,17.3493,17.7928,49.3693,9.5014,12.4946,10.9999,21.8447,21.9794,37.7227,20.1708,5.9152,18.498,26.6967,34.2003,11.9595,30.2577,11.1473,10.3109,10.2178,7.2152,5.7343,5.2309
2018-07,2.75,1.6952,17.8794,13.3665,14.984,47.6965,32.7355,3.9659,2.96,47.9375,16.0671,19.3137,20.0617,6.6322,,25.2473,,34.9933,17.0683,29.1,19.2202,12.5491,74.0,44.0703,5.9482,1.7558,9.6835,28.8317,25.8961,15.6127,18.9947,3.6358,9.6283,22.65,3.0869,45.7317,20.5631,17.5984,53.2111,8.6305,11.8443,11.9302,19.325,23.5931,37.41,18.8641,7.3606,21.1581,27.6333,30.6247,13.3083,29.0882,12.9606,11.3127,11.8571,7.5667,8.5585,6.3934
2018-08,2.56,1.6623,15.3759,11.0639,14.0921,47.6965,31.0483,4.807,2.77,52.0092,15.5875,17.4053,20.8797,7.6024,,23.8572,,34.1069,18.3483,24.91,19.5697,12.3325,79.18,46.8006,5.9021,1.7648,9.1571,26.951,24.2218,14.976,19.3003,3.3915,8.8701,20.13,3.0531,40.0962,20.5631,17.2278,57.5878,8.4641,11.7393,11.1566,19.8265,23.0269,38.5135,18.7629,7.5919,19.6804,28.3827,29.8259,12.499,28.9882,13.7533,11.1329,12.265,7.6044,9.1861,7.2782
2018-09,2.01,1.6796,15.642,11.6591,14.4936,39.8301,32.0446,4.3738,2.25,52.1991,16.705,17.8616,23.6339,6.4962,,19.7727,,34.887,17.0938,26.81,19.8098,12.0856,75.52,47.5623,5.9021,1.7467,9.6198,26.4509,24.4161,13.317,20.846,2.981,9.3567,21.97,3.0153,39.3108,20.5631,18.6264,56.8389,7.3878,11.2044,11.1369,17.9773,22.2625,36.2008,19.7016,7.7078,19.8947,29.31,30.8551,12.1394,28.3685,12.6534,10.5248,12.8724,7.4785,10.5649,7.1723
2018-10,2.41,1.7651,18.5298,13.6592,18.5485,39.812,38.0212,5.1105,2.8,46.1459,15.8011,20.9968,22.5433,5.587,,19.3551,,38.4646,16.0451,28.0,20.9203,12.4724,71.85,37.4424,6.0865,1.865,10.7741,38.397,27.4644,17.8008,21.9639,4.6816,10.4128,21.9,3.0058,43.2373,20.8687,24.0912,50.7213,7.3878,11.0705,12.5376,21.3097,26.3771,47.6914,24.137,7.6692,23.8175,37.4689,33.1501,15.1967,32.5767,16.5178,10.8246,12.506,8.1081,9.5096,7.413
2018-11,1.46,1.7821,19.4267,14.1469,18.4676,38.2006,38.4896,5.321,1.44,46.6888,15.1717,23.3274,24.4519,4.7653,,20.0513,,40.9474,14.843,31.75,21.7898,13.1138,73.22,40.4497,6.3724,1.8828,11.7269,40.4688,30.002,17.4511,23.4922,5.0334,11.4319,22.17,2.8197,43.4775,24.8012,29.1761,52.6956,7.3878,11.3285,11.6561,22.7545,26.6413,47.6263,29.9066,7.1563,26.72,38.7896,36.771,17.5166,40.8934,15.5369,10.3878,11.8604,8.2636,11.9533,6.9898
2018-12,1.26,1.785,19.4169,14.664,18.396,34.3988,38.4717,5.5447,1.25,41.1784,14.5249,24.0108,26.3893,4.2028,,18.3618,,41.8733,14.3848,31.3,21.68,13.1073,67.6,37.67,7.2392,1.8771,12.212,42.2788,29.2289,19.5496,25.1953,5.8642,11.217,21.93,2.7089,44.3459,24.5368,28.5373,46.0819,7.3878,11.3189,11.2056,25.6199,29.7273,57.2018,29.1493,6.7848,27.4121,46.7144,35.7344,18.8385,44.9817,16.3494,10.8852,11.9285,8.228,11.4113,7.1947
2019-01,1.34,2.0825,20.8455,15.3456,21.5404,40.7353,44.523,6.5772,1.3,46.7793,15.3383,28.5716,30.0614,5.7441,,20.8136,,44.1014,16.8398,33.0,19.34,15.5857,66.3,45.5047,8.4003,2.1651,14.2319,47.1623,31.9717,20.4374,28.4701,6.5777,12.5356,23.54,3.0152,46.4616,33.8725,31.6592,50.8282,10.8592,11.9993,11.3902,27.5463,40.9293,55.4168,33.6911,7.2835,32.1153,51.5198,36.0028,19.2162,47.4107,19.758,13.2102,12.3768,9.5667,14.3688,7.4871
2019-02,1.8,2.0651,19.6979,14.7082,20.516,39.8301,41.6237,7.1693,1.79,48.7789,14.8386,27.3557,28.4694,5.3361,,18.6838,,42.3804,16.3753,33.5,19.08,15.8239,,47.1468,8.2029,2.1651,14.1653,46.5342,30.2734,21.6121,26.8021,5.8349,11.7559,20.57,2.9901,50.8131,39.6556,31.1421,52.9096,10.8592,11.4381,11.0453,25.7211,37.1356,57.5923,34.1014,7.0194,30.7164,51.3324,37.3269,19.6837,48.3603,19.6688,11.9684,12.1625,9.5583,12.4947,7.2531
2019-03,1.51,1.9688,16.5914,12.9629,20.0268,40.7353,40.7255,7.2087,1.52,47.9918,14.9379,26.8854,28.3018,4.4835,,19.7357,,43.4202,15.4584,34.5,18.45,15.6653,,46.0488,8.3899,2.0535,13.8627,45.466,29.0473,21.648,26.6187,5.8642,11.4037,22.65,2.9516,48.3186,39.6556,30.7399,49.5055,9.872,11.4091,11.4789,22.9347,39.6364,57.8596,34.7311,7.0002,30.4959,50.0491,38.4263,20.0524,45.3715,20.3624,12.3207,11.9863,9.0986,11.5124,7.0378
2019-04,1.68,1.9247,15.5525,12.551,21.5343,42.3951,41.939,6.2244,1.69,46.6153,13.9611,26.438,29.6314,4.3397,,20.0743,,43.9349,15.068,32.65,19.64,16.0009,,40.73,8.9486,2.0443,13.0495,46.3618,28.5754,23.9401,26.0423,6.3627,11.3371,31.05,2.8943,49.7822,41.337,36.8173,46.471,8.7477,11.3123,10.4652,20.4949,45.4627,65.3728,39.6803,6.6949,30.3385,44.026,37.6177,22.4029,52.2188,21.19,12.7787,11.4165,9.2016,11.7927,6.7825
2019-05,1.6,2.0798,15.968,12.6491,20.5593,41.3015,42.5821,7.2975,1.47,38.9435,13.7547,27.8606,33.1548,3.8476,,19.1552,,45.6776,14.4481,33.0,18.95,15.7291,,32.08,10.8329,2.1705,13.4277,48.798,29.3301,24.5706,27.2855,6.7438,11.7939,27.7,2.8051,52.358,41.337,44.5597,41.608,8.1512,10.6446,9.7516,20.1825,42.764,58.8733,46.2295,6.4194,31.5662,50.1084,38.8717,23.5697,59.9556,18.94,15.1477,11.4075,10.0733,11.4156,6.5083
2019-06,1.65,2.1883,16.2945,12.9237,21.0793,47.1371,42.3584,8.0383,1.6,34.0755,15.0736,28.5585,35.6337,3.9733,,20.6547,,47.4458,15.1912,45.95,19.41,17.6278,,32.85,10.9846,2.2569,12.4617,50.9298,30.3389,25.2011,27.0104,8.1121,12.2896,29.52,2.97,56.4945,41.337,45.3039,34.0703,8.1512,11.2542,10.4057,19.6165,45.7239,63.6752,46.8074,7.1723,32.2143,47.4711,38.408,25.0072,56.467,19.38,18.0121,12.3565,10.3277,11.986,6.8737
2019-07,1.72,2.6404,17.9567,13.7178,20.0948,49.0226,40.158,10.164,1.56,33.9198,13.6357,26.7133,39.9074,4.0119,,22.7633,,50.3139,14.9033,47.19,19.31,16.8941,,30.67,13.5318,2.3529,11.9977,46.4731,29.154,26.8793,28.6081,9.5782,11.8894,33.41,2.8438,56.8775,41.337,46.6282,33.1074,10.0538,11.8251,9.9298,19.4115,51.6534,64.0172,47.3371,6.5878,29.6122,44.5653,41.4351,26.0527,61.1451,19.35,18.6655,11.6942,11.223,13.7163,6.5181
2019-08,1.64,2.4849,18.5305,14.1297,19.1979,46.1943,39.9236,8.9385,1.19,28.8182,12.8363,26.0323,46.0141,3.3866,,23.417,,51.632,14.3279,48.15,17.95,16.4832,,29.08,11.0982,2.2782,12.1248,44.0747,29.7075,25.7945,28.759,11.0638,12.0379,38.14,2.8303,57.5382,43.0684,54.4575,27.4469,7.9933,12.0548,9.5231,16.2142,50.009,65.8789,50.1783,6.2324,28.2975,44.105,42.3283,25.0165,65.9532,20.25,18.1317,10.9342,10.6628,23.1988,6.0552
2019-09,1.43,2.3847,19.7473,14.6396,20.3657,46.1943,42.4822,9.9236,0.95,32.7612,13.1255,26.8642,45.627,3.4841,,25.7782,,52.8536,14.6419,48.55,17.91,15.6776,,33.65,11.4046,2.3169,12.9338,43.5715,29.9413,26.425,29.194,10.2624,12.931,38.2,2.8795,57.4616,43.0684,49.3926,31.6291,6.968,11.6726,9.2751,18.2583,47.9777,64.986,47.7801,6.2324,29.1475,41.3335,41.1774,23.691,33.8462,19.2,16.2356,10.9342,10.8859,21.8119,6.0253
2019-10,1.31,2.2664,19.777,14.8161,19.5629,46.1943,44.3764,9.9666,0.95,28.88,13.3948,29.1,46.1815,3.6305,,24.8318,,51.0644,15.051,49.13,17.53,14.3485,,32.64,12.3653,2.2394,13.4503,46.1192,31.0005,27.5377,29.3094,11.9141,13.451,35.51,2.9875,60.3247,41.3457,53.0946,27.7,7.9634,11.3482,8.7692,18.6335,52.8335,64.5081,53.6166,6.2723,31.1681,38.351,40.9746,25.8566,31.1473,19.9,16.1896,11.0934,10.4486,22.4804,6.0154
2019-11,1.25,2.5103,22.0427,16.1496,18.8575,47.1371,41.5851,10.0595,0.92,28.61,17.0,27.6974,50.8677,3.9203,,27.8077,,54.114,17.3259,49.32,18.0,15.4982,,38.56,15.0285,2.4794,12.9532,46.1569,29.8113,27.8529,28.0401,12.2171,13.0193,36.6,3.3904,60.3247,42.9521,64.742,27.99,7.8639,13.4549,9.2156,21.5367,55.5225,65.4639,60.917,7.8,29.5891,45.8408,42.6322,27.0608,33.1065,20.47,16.9086,14.2623,11.7975,21.3081,7.2908
2019-12,1.23,4.0293,25.8959,19.6861,22.1306,49.0226,46.696,12.7723,0.86,31.54,20.0,30.6632,57.9014,4.2554,,29.7884,,55.7782,18.3706,,19.73,16.4386,,39.68,17.0656,2.97,13.7205,51.1822,31.8712,29.6146,31.5551,15.2078,13.8497,35.2,3.5462,59.7597,37.5753,69.1,29.85,9.4068,15.5715,9.7909,25.1607,58.5792,64.986,69.07,9.28,32.5848,49.3892,45.1551,30.3372,38.67,23.76,21.1391,17.0768,15.2358,24.1024,8.6273
