Date,S&P
2009-12-30,1856.14
2009-12-31,1837.5
2010-01-04,1867.06
2010-01-05,1872.9
2010-01-06,1874.73
2010-01-07,1882.34
2010-01-08,1887.77
2010-01-11,1891.06
2010-01-12,1873.32
2010-01-13,1889.1
2010-01-14,1893.72
2010-01-15,1873.3
2010-01-19,1896.72
2010-01-20,1876.9
2010-01-21,1841.39
2010-01-22,1800.61
2010-01-25,1808.93
2010-01-26,1801.34
2010-01-27,1810.21
2010-01-28,1788.97
2010-01-29,1771.4
2010-02-01,1796.67
2010-02-02,1819.99
2010-02-03,1810.64
2010-02-04,1754.3
2010-02-05,1759.38
2010-02-08,1744.37
2010-02-09,1767.18
2010-02-10,1763.69
2010-02-11,1781.01
2010-02-12,1776.5
2010-02-16,1808.72
2010-02-17,1816.7
2010-02-18,1828.81
2010-02-19,1833.09
2010-02-22,1831.21
2010-02-23,1809.05
2010-02-24,1826.99
2010-02-25,1823.64
2010-02-26,1826.27
2010-03-01,1844.87
2010-03-02,1849.17
2010-03-03,1850.24
2010-03-04,1857.2
2010-03-05,1883.28
2010-03-08,1883.29
2010-03-09,1886.6
2010-03-10,1895.38
2010-03-11,1903.68
2010-03-12,1903.29
2010-03-15,1904.19
2010-03-16,1919.02
2010-03-17,1930.22
2010-03-18,1929.63
2010-03-19,1919.8
2010-03-22,1929.64
2010-03-23,1943.7
2010-03-24,1933.04
2010-03-25,1929.75
2010-03-26,1931.18
2010-03-29,1942.51
2010-03-30,1942.81
2010-03-31,1936.48
2010-04-01,1950.91
2010-04-05,1966.44
2010-04-06,1969.76
2010-04-07,1959.04
2010-04-08,1965.72
2010-04-09,1978.86
2010-04-12,1982.4
2010-04-13,1983.91
2010-04-14,2006.06
2010-04-15,2007.74
2010-04-16,1975.36
2010-04-19,1984.32
2010-04-20,2000.33
2010-04-21,1998.31
2010-04-22,2002.93
2010-04-23,2017.19
2010-04-26,2008.55
2010-04-27,1961.6
2010-04-28,1974.63
2010-04-29,2000.34
2010-04-30,1967.05
2010-05-03,1992.87
2010-05-04,1945.37
2010-05-05,1933.25
2010-05-06,1870.95
2010-05-07,1842.32
2010-05-10,1923.39
2010-05-11,1917.25
2010-05-12,1944.25
2010-05-13,1920.76
2010-05-14,1884.67
2010-05-17,1887.11
2010-05-18,1860.65
2010-05-19,1851.28
2010-05-20,1779.3
2010-05-21,1806.05
2010-05-24,1782.77
2010-05-25,1783.4
2010-05-26,1773.65
2010-05-27,1832.61
2010-05-28,1809.98
2010-06-01,1778.99
2010-06-02,1825.25
2010-06-03,1832.72
2010-06-04,1769.72
2010-06-07,1745.87
2010-06-08,1765.29
2010-06-09,1754.91
2010-06-10,1806.69
2010-06-11,1815.26
2010-06-14,1812.02
2010-06-15,1854.61
2010-06-16,1853.62
2010-06-17,1856.25
2010-06-18,1858.7
2010-06-21,1851.55
2010-06-22,1822.05
2010-06-23,1816.65
2010-06-24,1786.13
2010-06-25,1791.24
2010-06-28,1787.94
2010-06-29,1732.55
2010-06-30,1715.23
2010-07-01,1709.77
2010-07-02,1701.86
2010-07-06,1710.97
2010-07-07,1765.42
2010-07-08,1782.1
2010-07-09,1794.94
2010-07-12,1796.3
2010-07-13,1824.07
2010-07-14,1823.82
2010-07-15,1826.0
2010-07-16,1773.43
2010-07-19,1784.06
2010-07-20,1804.48
2010-07-21,1781.6
2010-07-22,1821.76
2010-07-23,1836.75
2010-07-26,1857.34
2010-07-27,1855.39
2010-07-28,1842.66
2010-07-29,1835.29
2010-07-30,1835.4
2010-08-02,1875.85
2010-08-03,1866.87
2010-08-04,1878.81
2010-08-05,1876.51
2010-08-06,1869.77
2010-08-09,1880.06
2010-08-10,1868.88
2010-08-11,1817.13
2010-08-12,1807.61
2010-08-13,1800.39
2010-08-16,1800.7
2010-08-17,1823.18
2010-08-18,1826.14
2010-08-19,1795.24
2010-08-20,1788.67
2010-08-23,1781.47
2010-08-24,1755.65
2010-08-25,1761.62
2010-08-26,1748.14
2010-08-27,1777.6
2010-08-30,1751.79
2010-08-31,1752.55
2010-09-01,1804.46
2010-09-02,1820.98
2010-09-03,1845.1
2010-09-07,1824.05
2010-09-08,1836.21
2010-09-09,1845.09
2010-09-10,1854.1
2010-09-13,1875.41
2010-09-14,1874.07
2010-09-15,1880.74
2010-09-16,1880.37
2010-09-17,1881.93
2010-09-20,1910.6
2010-09-21,1905.74
2010-09-22,1896.77
2010-09-23,1880.97
2010-09-24,1920.84
2010-09-27,1909.98
2010-09-28,1919.59
2010-09-29,1914.84
2010-09-30,1908.95
2010-10-01,1917.42
2010-10-04,1902.15
2010-10-05,1941.82
2010-10-06,1941.5
2010-10-07,1938.31
2010-10-08,1950.18
2010-10-11,1950.47
2010-10-12,1957.92
2010-10-13,1972.08
2010-10-14,1964.9
2010-10-15,1968.87
2010-10-18,1983.17
2010-10-19,1951.67
2010-10-20,1972.51
2010-10-21,1976.12
2010-10-22,1980.83
2010-10-25,1985.11
2010-10-26,1985.13
2010-10-27,1980.05
2010-10-28,1982.45
2010-10-29,1981.59
2010-11-01,1983.47
2010-11-02,1998.86
2010-11-03,2006.58
2010-11-04,2045.62
2010-11-05,2053.77
2010-11-08,2049.69
2010-11-09,2033.85
2010-11-10,2043.16
2010-11-11,2034.48
2010-11-12,2010.57
2010-11-15,2008.25
2010-11-16,1976.26
2010-11-17,1977.0
2010-11-18,2007.38
2010-11-19,2012.59
2010-11-22,2009.52
2010-11-23,1980.89
2010-11-24,2010.56
2010-11-26,1996.03
2010-11-29,1993.83
2010-11-30,1981.84
2010-12-01,2024.97
2010-12-02,2050.96
2010-12-03,2056.4
2010-12-06,2053.8
2010-12-07,2054.89
2010-12-08,2063.03
2010-12-09,2071.12
2010-12-10,2083.57
2010-12-13,2084.0
2010-12-14,2085.93
2010-12-15,2075.29
2010-12-16,2088.19
2010-12-17,2089.95
2010-12-20,2095.32
2010-12-21,2108.26
2010-12-22,2115.69
2010-12-23,2112.37
2010-12-27,2113.67
2010-12-28,2115.32
2010-12-29,2117.83
2010-12-30,2114.7
2010-12-31,2114.29
2011-01-03,2138.3
2011-01-04,2135.53
2011-01-05,2146.5
2011-01-06,2142.76
2011-01-07,2138.81
2011-01-10,2135.86
2011-01-11,2143.82
2011-01-12,2163.36
2011-01-13,2159.66
2011-01-14,2175.68
2011-01-18,2178.72
2011-01-19,2156.97
2011-01-20,2154.18
2011-01-21,2159.43
2011-01-24,2172.03
2011-01-25,2172.67
2011-01-26,2181.92
2011-01-27,2186.93
2011-01-28,2147.95
2011-01-31,2164.4
2011-02-01,2200.54
2011-02-02,2194.94
2011-02-03,2200.42
2011-02-04,2206.8
2011-02-07,2220.6
2011-02-08,2230.59
2011-02-09,2224.64
2011-02-10,2226.51
2011-02-11,2239.08
2011-02-14,2244.89
2011-02-15,2237.9
2011-02-16,2252.3
2011-02-17,2259.42
2011-02-18,2263.79
2011-02-22,2217.35
2011-02-23,2203.89
2011-02-24,2202.23
2011-02-25,2226.05
2011-02-28,2238.55
2011-03-01,2203.32
2011-03-02,2207.24
2011-03-03,2245.33
2011-03-04,2228.78
2011-03-07,2210.26
2011-03-08,2230.4
2011-03-09,2227.7
2011-03-10,2185.65
2011-03-11,2201.81
2011-03-14,2188.56
2011-03-15,2164.06
2011-03-16,2121.94
2011-03-17,2150.43
2011-03-18,2159.69
2011-03-21,2192.09
2011-03-22,2184.57
2011-03-23,2190.96
2011-03-24,2211.42
2011-03-25,2218.42
2011-03-28,2212.32
2011-03-29,2228.41
2011-03-30,2243.55
2011-03-31,2239.44
2011-04-01,2250.58
2011-04-04,2251.64
2011-04-05,2251.26
2011-04-06,2257.11
2011-04-07,2253.76
2011-04-08,2244.74
2011-04-11,2238.51
2011-04-12,2221.12
2011-04-13,2221.77
2011-04-14,2221.99
2011-04-15,2230.71
2011-04-18,2206.15
2011-04-19,2218.86
2011-04-20,2248.9
2011-04-21,2260.84
2011-04-25,2257.24
2011-04-26,2277.51
2011-04-27,2292.13
2011-04-28,2300.46
2011-04-29,2305.76
2011-05-02,2301.72
2011-05-03,2293.95
2011-05-04,2278.63
2011-05-05,2258.08
2011-05-06,2266.97
2011-05-09,2277.3
2011-05-10,2295.72
2011-05-11,2271.47
2011-05-12,2282.84
2011-05-13,2264.52
2011-05-16,2250.61
2011-05-17,2250.35
2011-05-18,2270.57
2011-05-19,2275.71
2011-05-20,2258.21
2011-05-23,2231.31
2011-05-24,2229.49
2011-05-25,2236.75
2011-05-26,2246.13
2011-05-27,2255.74
2011-05-31,2279.66
2011-06-01,2227.96
2011-06-02,2225.36
2011-06-03,2203.81
2011-06-06,2180.14
2011-06-07,2178.15
2011-06-08,2169.5
2011-06-09,2185.52
2011-06-10,2155.0
2011-06-13,2157.15
2011-06-14,2184.48
2011-06-15,2146.45
2011-06-16,2150.58
2011-06-17,2157.14
2011-06-20,2168.8
2011-06-21,2198.15
2011-06-22,2184.03
2011-06-23,2177.85
2011-06-24,2152.31
2011-06-27,2172.08
2011-06-28,2200.68
2011-06-29,2219.2
2011-06-30,2241.66
2011-07-01,2274.26
2011-07-05,2271.29
2011-07-06,2274.42
2011-07-07,2298.31
2011-07-08,2282.32
2011-07-11,2241.07
2011-07-12,2231.15
2011-07-13,2238.29
2011-07-14,2223.29
2011-07-15,2235.65
2011-07-18,2217.55
2011-07-19,2253.71
2011-07-20,2252.52
2011-07-21,2283.23
2011-07-22,2285.34
2011-07-25,2272.47
2011-07-26,2263.15
2011-07-27,2217.29
2011-07-28,2210.33
2011-07-29,2196.08
2011-08-01,2187.0
2011-08-02,2131.1
2011-08-03,2142.56
2011-08-04,2040.2
2011-08-05,2039.04
2011-08-08,1903.47
2011-08-09,1993.76
2011-08-10,1906.53
2011-08-11,1995.14
2011-08-12,2005.67
2011-08-15,2049.51
2011-08-16,2029.92
2011-08-17,2032.41
2011-08-18,1941.92
2011-08-19,1912.77
2011-08-22,1913.27
2011-08-23,1978.89
2011-08-24,2005.13
2011-08-25,1973.96
2011-08-26,2004.11
2011-08-29,2061.05
2011-08-30,2066.37
2011-08-31,2076.78
2011-09-01,2052.3
2011-09-02,2000.5
2011-09-06,1985.67
2011-09-07,2043.05
2011-09-08,2021.42
2011-09-09,1967.47
2011-09-12,1981.3
2011-09-13,2000.08
2011-09-14,2027.04
2011-09-15,2062.25
2011-09-16,2074.06
2011-09-19,2053.74
2011-09-20,2050.39
2011-09-21,1990.2
2011-09-22,1926.76
2011-09-23,1938.73
2011-09-26,1983.97
2011-09-27,2005.19
2011-09-28,1964.2
2011-09-29,1980.23
2011-09-30,1930.79
2011-10-03,1875.95
2011-10-04,1918.39
2011-10-05,1953.67
2011-10-06,1989.61
2011-10-07,1973.42
2011-10-10,2040.76
2011-10-11,2041.9
2011-10-12,2062.22
2011-10-13,2056.26
2011-10-14,2091.99
2011-10-17,2051.54
2011-10-18,2093.43
2011-10-19,2067.28
2011-10-20,2076.75
2011-10-21,2115.86
2011-10-24,2143.13
2011-10-25,2100.17
2011-10-26,2122.32
2011-10-27,2195.22
2011-10-28,2196.13
2011-10-31,2141.81
2011-11-01,2081.97
2011-11-02,2115.7
2011-11-03,2155.87
2011-11-04,2142.34
2011-11-07,2156.0
2011-11-08,2182.61
2011-11-09,2102.72
2011-11-10,2121.14
2011-11-11,2162.48
2011-11-14,2142.09
2011-11-15,2152.8
2011-11-16,2117.64
2011-11-17,2082.1
2011-11-18,2081.42
2011-11-21,2042.71
2011-11-22,2034.41
2011-11-23,1989.54
2011-11-25,1984.5
2011-11-28,2042.8
2011-11-29,2048.06
2011-11-30,2137.08
2011-12-01,2133.07
2011-12-02,2132.64
2011-12-05,2154.68
2011-12-06,2157.1
2011-12-07,2162.07
2011-12-08,2116.41
2011-12-09,2152.15
2011-12-12,2120.15
2011-12-13,2102.15
2011-12-14,2078.51
2011-12-15,2085.44
2011-12-16,2092.18
2011-12-19,2067.67
2011-12-20,2129.67
2011-12-21,2133.86
2011-12-22,2152.04
2011-12-23,2171.5
2011-12-27,2171.71
2011-12-28,2145.09
2011-12-29,2168.12
2011-12-30,2158.94
2012-01-03,2192.4
2012-01-04,2193.28
2012-01-05,2199.73
2012-01-06,2194.98
2012-01-09,2200.0
2012-01-10,2219.58
2012-01-11,2220.48
2012-01-12,2225.74
2012-01-13,2214.73
2012-01-17,2222.59
2012-01-18,2247.64
2012-01-19,2258.8
2012-01-20,2260.37
2012-01-23,2261.47
2012-01-24,2259.22
2012-01-25,2278.83
2012-01-26,2265.84
2012-01-27,2262.35
2012-01-30,2256.72
2012-01-31,2255.69
2012-02-01,2276.24
2012-02-02,2278.92
2012-02-03,2312.49
2012-02-06,2311.55
2012-02-07,2316.27
2012-02-08,2322.11
2012-02-09,2325.56
2012-02-10,2309.6
2012-02-13,2325.81
2012-02-14,2324.0
2012-02-15,2312.28
2012-02-16,2338.12
2012-02-17,2343.67
2012-02-21,2345.41
2012-02-22,2337.67
2012-02-23,2348.11
2012-02-24,2352.34
2012-02-27,2355.74
2012-02-28,2364.03
2012-02-29,2353.23
2012-03-01,2367.87
2012-03-02,2360.28
2012-03-05,2351.28
2012-03-06,2315.21
2012-03-07,2331.89
2012-03-08,2355.01
2012-03-09,2363.56
2012-03-12,2364.1
2012-03-13,2407.79
2012-03-14,2404.98
2012-03-15,2419.37
2012-03-16,2422.09
2012-03-19,2431.73
2012-03-20,2424.46
2012-03-21,2420.02
2012-03-22,2402.71
2012-03-23,2410.16
2012-03-26,2443.64
2012-03-27,2437.01
2012-03-28,2425.55
2012-03-29,2421.7
2012-03-30,2430.67
2012-04-02,2449.08
2012-04-03,2439.89
2012-04-04,2415.05
2012-04-05,2414.4
2012-04-09,2387.03
2012-04-10,2346.27
2012-04-11,2364.09
2012-04-12,2396.69
2012-04-13,2366.84
2012-04-16,2365.65
2012-04-17,2402.29
2012-04-18,2392.57
2012-04-19,2378.48
2012-04-20,2381.32
2012-04-23,2361.35
2012-04-24,2370.04
2012-04-25,2402.71
2012-04-26,2418.89
2012-04-27,2424.78
2012-04-30,2415.42
2012-05-01,2429.1
2012-05-02,2423.29
2012-05-03,2405.17
2012-05-04,2366.39
2012-05-07,2367.26
2012-05-08,2357.45
2012-05-09,2342.31
2012-05-10,2348.93
2012-05-11,2341.23
2012-05-14,2315.45
2012-05-15,2302.56
2012-05-16,2293.21
2012-05-17,2258.93
2012-05-18,2242.25
2012-05-21,2278.24
2012-05-22,2279.4
2012-05-23,2283.36
2012-05-24,2286.87
2012-05-25,2281.92
2012-05-29,2307.57
2012-05-30,2275.19
2012-05-31,2270.25
2012-06-01,2214.41
2012-06-04,2214.7
2012-06-05,2227.45
2012-06-06,2279.42
2012-06-07,2279.28
2012-06-08,2297.82
2012-06-11,2268.94
2012-06-12,2295.4
2012-06-13,2280.13
2012-06-14,2304.83
2012-06-15,2328.66
2012-06-18,2332.07
2012-06-19,2355.01
2012-06-20,2351.14
2012-06-21,2299.16
2012-06-22,2315.65
2012-06-25,2278.98
2012-06-26,2289.86
2012-06-27,2310.98
2012-06-28,2306.22
2012-06-29,2363.79
2012-07-02,2369.75
2012-07-03,2385.06
2012-07-05,2373.91
2012-07-06,2352.34
2012-07-09,2348.52
2012-07-10,2329.46
2012-07-11,2329.71
2012-07-12,2318.09
2012-07-13,2356.4
2012-07-16,2350.94
2012-07-17,2368.36
2012-07-18,2384.54
2012-07-19,2391.27
2012-07-20,2367.26
2012-07-23,2346.22
2012-07-24,2325.02
2012-07-25,2324.33
2012-07-26,2362.85
2012-07-27,2408.07
2012-07-30,2406.99
2012-07-31,2396.62
2012-08-01,2389.73
2012-08-02,2372.31
2012-08-03,2417.77
2012-08-06,2423.46
2012-08-07,2435.88
2012-08-08,2438.16
2012-08-09,2440.23
2012-08-10,2445.64
2012-08-13,2443.05
2012-08-14,2443.16
2012-08-15,2446.82
2012-08-16,2464.38
2012-08-17,2469.0
2012-08-20,2468.99
2012-08-21,2460.41
2012-08-22,2461.12
2012-08-23,2441.29
2012-08-24,2457.4
2012-08-27,2456.22
2012-08-28,2454.39
2012-08-29,2457.05
2012-08-30,2438.2
2012-08-31,2450.6
2012-09-04,2447.8
2012-09-05,2445.81
2012-09-06,2496.12
2012-09-07,2506.37
2012-09-10,2491.11
2012-09-11,2498.95
2012-09-12,2504.84
2012-09-13,2546.03
2012-09-14,2556.13
2012-09-17,2548.26
2012-09-18,2545.05
2012-09-19,2548.11
2012-09-20,2547.11
2012-09-21,2546.92
2012-09-24,2541.23
2012-09-25,2514.83
2012-09-26,2500.92
2012-09-27,2525.23
2012-09-28,2513.93
2012-10-01,2520.71
2012-10-02,2523.08
2012-10-03,2532.79
2012-10-04,2550.98
2012-10-05,2551.03
2012-10-08,2542.21
2012-10-09,2517.14
2012-10-10,2501.75
2012-10-11,2502.66
2012-10-12,2495.28
2012-10-15,2515.44
2012-10-16,2541.28
2012-10-17,2552.05
2012-10-18,2545.95
2012-10-19,2503.8
2012-10-22,2504.96
2012-10-23,2468.78
2012-10-24,2461.18
2012-10-25,2468.6
2012-10-26,2466.8
2012-10-31,2467.51
2012-11-01,2494.67
2012-11-02,2471.3
2012-11-05,2476.94
2012-11-06,2496.46
2012-11-07,2439.48
2012-11-08,2409.72
2012-11-09,2413.92
2012-11-12,2414.24
2012-11-13,2405.38
2012-11-14,2372.94
2012-11-15,2369.32
2012-11-16,2381.02
2012-11-19,2428.47
2012-11-20,2430.29
2012-11-21,2435.97
2012-11-23,2468.06
2012-11-26,2463.12
2012-11-27,2450.48
2012-11-28,2470.47
2012-11-29,2481.42
2012-11-30,2481.82
2012-12-03,2470.07
2012-12-04,2465.9
2012-12-05,2470.59
2012-12-06,2479.4
2012-12-07,2486.84
2012-12-10,2487.78
2012-12-11,2504.08
2012-12-12,2505.76
2012-12-13,2490.56
2012-12-14,2480.36
2012-12-17,2509.84
2012-12-18,2538.72
2012-12-19,2519.54
2012-12-20,2533.91
2012-12-21,2510.32
2012-12-24,2504.51
2012-12-26,2492.54
2012-12-27,2489.97
2012-12-28,2462.71
2012-12-31,2504.44
2013-01-02,2568.55
2013-01-03,2563.19
2013-01-04,2575.66
2013-01-07,2567.63
2013-01-08,2560.17
2013-01-09,2567.02
2013-01-10,2586.52
2013-01-11,2586.69
2013-01-14,2584.27
2013-01-15,2587.2
2013-01-16,2588.02
2013-01-17,2602.64
2013-01-18,2611.54
2013-01-22,2623.22
2013-01-23,2627.23
2013-01-24,2627.33
2013-01-25,2641.64
2013-01-28,2636.83
2013-01-29,2650.43
2013-01-30,2640.77
2013-01-31,2634.16
2013-02-01,2660.7
2013-02-04,2630.05
2013-02-05,2657.76
2013-02-06,2659.55
2013-02-07,2655.84
2013-02-08,2670.85
2013-02-11,2669.37
2013-02-12,2673.77
2013-02-13,2676.6
2013-02-14,2678.77
2013-02-15,2676.21
2013-02-19,2696.26
2013-02-20,2662.94
2013-02-21,2646.75
2013-02-22,2670.36
2013-02-25,2621.46
2013-02-26,2637.89
2013-02-27,2672.11
2013-02-28,2669.92
2013-03-01,2676.18
2013-03-04,2688.54
2013-03-05,2714.35
2013-03-06,2718.07
2013-03-07,2723.27
2013-03-08,2735.67
2013-03-11,2744.81
2013-03-12,2738.35
2013-03-13,2742.87
2013-03-14,2758.3
2013-03-15,2753.82
2013-03-18,2738.68
2013-03-19,2732.09
2013-03-20,2750.42
2013-03-21,2727.69
2013-03-22,2747.25
2013-03-25,2738.08
2013-03-26,2760.32
2013-03-27,2758.85
2013-03-28,2770.05
2013-04-01,2757.83
2013-04-02,2772.11
2013-04-03,2743.38
2013-04-04,2754.67
2013-04-05,2742.86
2013-04-08,2761.05
2013-04-09,2770.84
2013-04-10,2804.81
2013-04-11,2815.02
2013-04-12,2807.1
2013-04-15,2742.63
2013-04-16,2781.86
2013-04-17,2742.01
2013-04-18,2723.72
2013-04-19,2747.94
2013-04-22,2760.8
2013-04-23,2789.56
2013-04-24,2789.93
2013-04-25,2801.28
2013-04-26,2796.24
2013-04-29,2816.39
2013-04-30,2823.42
2013-05-01,2797.28
2013-05-02,2823.82
2013-05-03,2853.88
2013-05-06,2859.34
2013-05-07,2874.46
2013-05-08,2887.61
2013-05-09,2878.3
2013-05-10,2890.77
2013-05-13,2891.17
2013-05-14,2921.12
2013-05-15,2936.98
2013-05-16,2922.4
2013-05-17,2952.56
2013-05-20,2950.53
2013-05-21,2955.69
2013-05-22,2931.58
2013-05-23,2923.43
2013-05-24,2921.88
2013-05-28,2940.45
2013-05-29,2920.18
2013-05-30,2931.39
2013-05-31,2889.46
2013-06-03,2906.91
2013-06-04,2891.02
2013-06-05,2851.89
2013-06-06,2876.5
2013-06-07,2913.46
2013-06-10,2912.63
2013-06-11,2883.07
2013-06-12,2859.62
2013-06-13,2902.32
2013-06-14,2885.24
2013-06-17,2907.12
2013-06-18,2929.81
2013-06-19,2889.25
2013-06-20,2817.44
2013-06-21,2824.97
2013-06-24,2790.66
2013-06-25,2817.44
2013-06-26,2845.04
2013-06-27,2862.92
2013-06-28,2850.66
2013-07-01,2866.41
2013-07-02,2865.48
2013-07-03,2867.85
2013-07-05,2897.12
2013-07-08,2913.2
2013-07-09,2934.31
2013-07-10,2934.97
2013-07-11,2975.06
2013-07-12,2984.24
2013-07-15,2988.35
2013-07-16,2977.26
2013-07-17,2985.85
2013-07-18,3001.21
2013-07-19,3006.13
2013-07-22,3012.3
2013-07-23,3006.72
2013-07-24,2995.3
2013-07-25,3003.01
2013-07-26,3005.51
2013-07-29,2994.45
2013-07-30,2995.68
2013-07-31,2995.72
2013-08-01,3033.59
2013-08-02,3038.63
2013-08-05,3034.43
2013-08-06,3017.16
2013-08-07,3006.63
2013-08-08,3019.0
2013-08-09,3008.79
2013-08-12,3005.42
2013-08-13,3014.43
2013-08-14,2999.42
2013-08-15,2957.08
2013-08-16,2947.46
2013-08-19,2930.27
2013-08-20,2941.58
2013-08-21,2924.73
2013-08-22,2949.96
2013-08-23,2962.06
2013-08-26,2950.13
2013-08-27,2903.29
2013-08-28,2911.83
2013-08-29,2917.96
2013-08-30,2908.96
2013-09-03,2921.23
2013-09-04,2945.62
2013-09-05,2949.27
2013-09-06,2949.8
2013-09-09,2979.45
2013-09-10,3001.36
2013-09-11,3010.94
2013-09-12,3001.62
2013-09-13,3009.79
2013-09-16,3026.94
2013-09-17,3039.75
2013-09-18,3076.81
2013-09-19,3071.61
2013-09-20,3049.47
2013-09-23,3035.09
2013-09-24,3027.52
2013-09-25,3019.31
2013-09-26,3030.41
2013-09-27,3018.24
2013-09-30,3000.18
2013-10-01,3024.38
2013-10-02,3022.95
2013-10-03,2995.81
2013-10-04,3017.05
2013-10-07,2991.39
2013-10-08,2955.41
2013-10-09,2957.4
2013-10-10,3022.43
2013-10-11,3041.43
2013-10-14,3053.84
2013-10-15,3032.27
2013-10-16,3074.54
2013-10-17,3095.42
2013-10-18,3115.77
2013-10-21,3116.09
2013-10-22,3133.98
2013-10-23,3119.2
2013-10-24,3129.41
2013-10-25,3143.16
2013-10-28,3147.36
2013-10-29,3165.11
2013-10-30,3149.93
2013-10-31,3138.09
2013-11-01,3147.21
2013-11-04,3158.47
2013-11-05,3149.96
2013-11-06,3165.13
2013-11-07,3124.12
2013-11-08,3166.11
2013-11-11,3168.41
2013-11-12,3161.1
2013-11-13,3187.64
2013-11-14,3203.65
2013-11-15,3217.2
2013-11-18,3205.46
2013-11-19,3199.51
2013-11-20,3188.04
2013-11-21,3214.16
2013-11-22,3230.54
2013-11-25,3226.53
2013-11-26,3227.36
2013-11-27,3236.14
2013-11-29,3233.72
2013-12-02,3225.06
2013-12-03,3214.95
2013-12-04,3211.59
2013-12-05,3197.76
2013-12-06,3233.99
2013-12-09,3239.99
2013-12-10,3229.72
2013-12-11,3193.52
2013-12-12,3182.33
2013-12-13,3182.07
2013-12-16,3202.22
2013-12-17,3192.33
2013-12-18,3245.59
2013-12-19,3244.15
2013-12-20,3259.79
2013-12-23,3277.62
2013-12-24,3287.55
2013-12-26,3303.15
2013-12-27,3302.66
2013-12-30,3302.3
2013-12-31,3315.59
2014-01-02,3286.69
2014-01-03,3285.68
2014-01-06,3277.48
2014-01-07,3297.45
2014-01-08,3297.74
2014-01-09,3298.87
2014-01-10,3306.49
2014-01-13,3265.27
2014-01-14,3300.61
2014-01-15,3317.75
2014-01-16,3313.36
2014-01-17,3300.51
2014-01-21,3309.74
2014-01-22,3312.04
2014-01-23,3282.64
2014-01-24,3214.13
2014-01-27,3198.57
2014-01-28,3218.21
2014-01-29,3185.7
2014-01-30,3221.78
2014-01-31,3200.95
2014-02-03,3127.87
2014-02-04,3151.94
2014-02-05,3146.49
2014-02-06,3187.25
2014-02-07,3229.64
2014-02-10,3234.79
2014-02-11,3270.74
2014-02-12,3271.47
2014-02-13,3290.82
2014-02-14,3306.92
2014-02-18,3311.27
2014-02-19,3289.83
2014-02-20,3310.27
2014-02-21,3304.36
2014-02-24,3324.84
2014-02-25,3320.43
2014-02-26,3321.15
2014-02-27,3338.05
2014-02-28,3347.38
2014-03-03,3322.85
2014-03-04,3373.64
2014-03-05,3374.1
2014-03-06,3380.49
2014-03-07,3382.57
2014-03-10,3381.22
2014-03-11,3364.17
2014-03-12,3366.07
2014-03-13,3327.11
2014-03-14,3317.81
2014-03-17,3349.71
2014-03-18,3373.98
2014-03-19,3353.29
2014-03-20,3373.6
2014-03-21,3363.72
2014-03-24,3347.36
2014-03-25,3362.44
2014-03-26,3339.0
2014-03-27,3333.23
2014-03-28,3348.83
2014-03-31,3375.51
2014-04-01,3399.51
2014-04-02,3409.8
2014-04-03,3406.0
2014-04-04,3363.41
2014-04-07,3327.27
2014-04-08,3340.84
2014-04-09,3377.61
2014-04-10,3307.08
2014-04-11,3276.04
2014-04-14,3302.98
2014-04-15,3325.3
2014-04-16,3360.27
2014-04-17,3365.0
2014-04-21,3377.75
2014-04-22,3391.58
2014-04-23,3384.5
2014-04-24,3390.39
2014-04-25,3362.95
2014-04-28,3374.04
2014-04-29,3390.16
2014-04-30,3400.46
2014-05-01,3400.2
2014-05-02,3395.61
2014-05-05,3402.23
2014-05-06,3371.72
2014-05-07,3392.1
2014-05-08,3388.29
2014-05-09,3394.05
2014-05-12,3427.01
2014-05-13,3429.3
2014-05-14,3413.84
2014-05-15,3382.52
2014-05-16,3395.21
2014-05-19,3408.52
2014-05-20,3386.48
2014-05-21,3414.45
2014-05-22,3422.99
2014-05-23,3437.58
2014-05-27,3458.19
2014-05-28,3454.88
2014-05-29,3473.86
2014-05-30,3480.29
2014-06-02,3483.14
2014-06-03,3482.0
2014-06-04,3489.21
2014-06-05,3512.21
2014-06-06,3528.98
2014-06-09,3532.47
2014-06-10,3531.62
2014-06-11,3519.52
2014-06-12,3495.57
2014-06-13,3506.58
2014-06-16,3509.54
2014-06-17,3517.23
2014-06-18,3544.42
2014-06-19,3549.44
2014-06-20,3555.6
2014-06-23,3555.14
2014-06-24,3532.57
2014-06-25,3549.96
2014-06-26,3546.38
2014-06-27,3553.35
2014-06-30,3552.18
2014-07-01,3576.55
2014-07-02,3579.11
2014-07-03,3598.73
2014-07-07,3584.75
2014-07-08,3560.53
2014-07-09,3577.28
2014-07-10,3562.49
2014-07-11,3568.08
2014-07-14,3585.37
2014-07-15,3578.46
2014-07-16,3593.91
2014-07-17,3551.73
2014-07-18,3588.21
2014-07-21,3579.99
2014-07-22,3597.95
2014-07-23,3604.3
2014-07-24,3606.1
2014-07-25,3588.68
2014-07-28,3589.73
2014-07-29,3573.65
2014-07-30,3574.45
2014-07-31,3503.19
2014-08-01,3493.18
2014-08-04,3518.31
2014-08-05,3484.56
2014-08-06,3485.67
2014-08-07,3467.14
2014-08-08,3507.21
2014-08-11,3517.53
2014-08-12,3511.96
2014-08-13,3536.42
2014-08-14,3551.97
2014-08-15,3552.17
2014-08-18,3582.7
2014-08-19,3601.33
2014-08-20,3610.49
2014-08-21,3621.23
2014-08-22,3614.5
2014-08-25,3631.86
2014-08-26,3635.71
2014-08-27,3636.64
2014-08-28,3630.98
2014-08-29,3643.34
2014-09-02,3641.52
2014-09-03,3639.35
2014-09-04,3633.87
2014-09-05,3652.26
2014-09-08,3641.66
2014-09-09,3617.89
2014-09-10,3631.45
2014-09-11,3635.66
2014-09-12,3614.06
2014-09-15,3611.52
2014-09-16,3638.6
2014-09-17,3643.4
2014-09-18,3661.73
2014-09-19,3660.03
2014-09-22,3630.7
2014-09-23,3610.1
2014-09-24,3638.44
2014-09-25,3579.61
2014-09-26,3610.98
2014-09-29,3602.09
2014-09-30,3592.25
2014-10-01,3544.98
2014-10-02,3545.3
2014-10-03,3584.94
2014-10-06,3579.42
2014-10-07,3525.29
2014-10-08,3588.07
2014-10-09,3514.12
2014-10-10,3474.23
2014-10-13,3417.01
2014-10-14,3422.43
2014-10-15,3395.03
2014-10-16,3395.64
2014-10-17,3439.39
2014-10-20,3470.89
2014-10-21,3538.9
2014-10-22,3513.47
2014-10-23,3556.7
2014-10-24,3581.82
2014-10-27,3576.47
2014-10-28,3619.16
2014-10-29,3614.53
2014-10-30,3637.3
2014-10-31,3679.99
2014-11-03,3679.58
2014-11-04,3669.18
2014-11-05,3691.38
2014-11-06,3706.45
2014-11-07,3708.46
2014-11-10,3720.25
2014-11-11,3722.84
2014-11-12,3721.3
2014-11-13,3723.58
2014-11-14,3724.92
2014-11-17,3727.86
2014-11-18,3747.74
2014-11-19,3742.35
2014-11-20,3749.87
2014-11-21,3770.03
2014-11-24,3780.88
2014-11-25,3776.94
2014-11-26,3788.42
2014-11-28,3778.96
2014-12-01,3753.31
2014-12-02,3777.47
2014-12-03,3792.69
2014-12-04,3788.34
2014-12-05,3794.68
2014-12-08,3767.7
2014-12-09,3766.83
2014-12-10,3705.51
2014-12-11,3723.32
2014-12-12,3663.1
2014-12-15,3639.97
2014-12-16,3609.06
2014-12-17,3682.7
2014-12-18,3771.72
2014-12-19,3788.97
2014-12-22,3803.94
2014-12-23,3810.78
2014-12-24,3810.39
2014-12-26,3823.0
2014-12-29,3826.95
2014-12-30,3808.69
2014-12-31,3769.44
2015-01-02,3768.68
2015-01-05,3700.03
2015-01-06,3667.14
2015-01-07,3710.94
2015-01-08,3777.4
2015-01-09,3745.67
2015-01-12,3715.36
2015-01-13,3706.15
2015-01-14,3684.72
2015-01-15,3650.74
2015-01-16,3699.79
2015-01-20,3705.64
2015-01-21,3723.62
2015-01-22,3780.51
2015-01-23,3759.76
2015-01-26,3769.45
2015-01-27,3718.99
2015-01-28,3669.1
2015-01-29,3704.35
2015-01-30,3656.28
2015-02-02,3703.77
2015-02-03,3757.34
2015-02-04,3742.84
2015-02-05,3782.11
2015-02-06,3770.2
2015-02-09,3754.36
2015-02-10,3794.62
2015-02-11,3795.82
2015-02-12,3833.35
2015-02-13,3849.29
2015-02-17,3856.04
2015-02-18,3855.0
2015-02-19,3851.53
2015-02-20,3875.6
2015-02-23,3874.46
2015-02-24,3885.27
2015-02-25,3882.95
2015-02-26,3877.85
2015-02-27,3866.42
2015-03-02,3890.32
2015-03-03,3872.71
2015-03-04,3856.51
2015-03-05,3861.29
2015-03-06,3807.04
2015-03-09,3822.42
2015-03-10,3757.83
2015-03-11,3751.2
2015-03-12,3799.43
2015-03-13,3776.44
2015-03-16,3827.62
2015-03-17,3814.91
2015-03-18,3861.39
2015-03-19,3842.62
2015-03-20,3877.26
2015-03-23,3870.49
2015-03-24,3847.05
2015-03-25,3791.13
2015-03-26,3782.21
2015-03-27,3791.9
2015-03-30,3838.65
2015-03-31,3805.27
2015-04-01,3790.66
2015-04-02,3804.14
2015-04-06,3829.31
2015-04-07,3821.49
2015-04-08,3833.2
2015-04-09,3850.29
2015-04-10,3870.31
2015-04-13,3852.93
2015-04-14,3859.22
2015-04-15,3879.1
2015-04-16,3876.17
2015-04-17,3832.33
2015-04-20,3867.82
2015-04-21,3862.15
2015-04-22,3881.93
2015-04-23,3891.46
2015-04-24,3900.24
2015-04-27,3884.1
2015-04-28,3895.21
2015-04-29,3880.9
2015-04-30,3841.78
2015-05-01,3883.75
2015-05-04,3895.16
2015-05-05,3849.41
2015-05-06,3833.7
2015-05-07,3849.13
2015-05-08,3901.01
2015-05-11,3881.93
2015-05-12,3870.69
2015-05-13,3870.36
2015-05-14,3912.52
2015-05-15,3915.99
2015-05-18,3928.15
2015-05-19,3926.41
2015-05-20,3923.18
2015-05-21,3932.9
2015-05-22,3924.16
2015-05-26,3883.88
2015-05-27,3920.11
2015-05-28,3915.82
2015-05-29,3891.18
2015-06-01,3899.59
2015-06-02,3895.85
2015-06-03,3904.83
2015-06-04,3871.23
2015-06-05,3865.83
2015-06-08,3841.45
2015-06-09,3843.16
2015-06-10,3889.7
2015-06-11,3897.59
2015-06-12,3870.56
2015-06-15,3852.75
2015-06-16,3874.73
2015-06-17,3882.49
2015-06-18,3921.43
2015-06-19,3900.64
2015-06-22,3924.41
2015-06-23,3927.23
2015-06-24,3898.47
2015-06-25,3887.04
2015-06-26,3886.21
2015-06-29,3805.5
2015-06-30,3815.85
2015-07-01,3843.26
2015-07-02,3842.06
2015-07-06,3827.35
2015-07-07,3850.66
2015-07-08,3787.67
2015-07-09,3796.26
2015-07-10,3843.1
2015-07-13,3885.97
2015-07-14,3903.31
2015-07-15,3900.5
2015-07-16,3931.85
2015-07-17,3936.22
2015-07-20,3939.35
2015-07-21,3922.7
2015-07-22,3913.75
2015-07-23,3891.79
2015-07-24,3850.15
2015-07-27,3827.93
2015-07-28,3875.37
2015-07-29,3904.21
2015-07-30,3904.64
2015-07-31,3895.8
2015-08-03,3885.07
2015-08-04,3876.44
2015-08-05,3889.99
2015-08-06,3860.92
2015-08-07,3849.96
2015-08-10,3899.36
2015-08-11,3862.81
2015-08-12,3867.37
2015-08-13,3863.03
2015-08-14,3878.16
2015-08-17,3899.1
2015-08-18,3889.6
2015-08-19,3857.74
2015-08-20,3776.36
2015-08-21,3656.67
2015-08-24,3512.65
2015-08-25,3465.19
2015-08-26,3600.73
2015-08-27,3688.6
2015-08-28,3691.3
2015-08-31,3660.75
2015-09-01,3552.65
2015-09-02,3618.25
2015-09-03,3622.66
2015-09-04,3567.41
2015-09-08,3657.32
2015-09-09,3606.8
2015-09-10,3626.14
2015-09-11,3643.54
2015-09-14,3628.87
2015-09-15,3675.48
2015-09-16,3707.62
2015-09-17,3698.74
2015-09-18,3638.99
2015-09-21,3655.64
2015-09-22,3610.7
2015-09-23,3603.49
2015-09-24,3591.37
2015-09-25,3589.71
2015-09-28,3498.61
2015-09-29,3503.13
2015-09-30,3570.17
2015-10-01,3577.47
2015-10-02,3629.04
2015-10-05,3695.61
2015-10-06,3682.33
2015-10-07,3713.36
2015-10-08,3746.12
2015-10-09,3748.96
2015-10-12,3753.73
2015-10-13,3728.48
2015-10-14,3711.11
2015-10-15,3766.43
2015-10-16,3783.64
2015-10-19,3784.72
2015-10-20,3779.44
2015-10-21,3757.91
2015-10-22,3820.49
2015-10-23,3862.65
2015-10-26,3855.29
2015-10-27,3845.45
2015-10-28,3891.34
2015-10-29,3890.04
2015-10-30,3871.33
2015-11-02,3917.3
2015-11-03,3928.05
2015-11-04,3915.52
2015-11-05,3911.89
2015-11-06,3910.98
2015-11-09,3873.37
2015-11-10,3880.23
2015-11-11,3867.71
2015-11-12,3814.29
2015-11-13,3771.59
2015-11-16,3828.46
2015-11-17,3824.14
2015-11-18,3886.26
2015-11-19,3882.06
2015-11-20,3897.45
2015-11-23,3892.8
2015-11-24,3897.67
2015-11-25,3897.57
2015-11-27,3900.74
2015-11-30,3882.84
2015-12-01,3924.63
2015-12-02,3882.38
2015-12-03,3826.74
2015-12-04,3905.31
2015-12-07,3878.31
2015-12-08,3853.48
2015-12-09,3823.9
2015-12-10,3832.93
2015-12-11,3759.09
2015-12-14,3777.22
2015-12-15,3817.36
2015-12-16,3873.12
2015-12-17,3815.46
2015-12-18,3747.56
2015-12-21,3777.15
2015-12-22,3810.85
2015-12-23,3858.47
2015-12-24,3852.31
2015-12-28,3843.94
2015-12-29,3885.55
2015-12-30,3857.9
2015-12-31,3821.6
2016-01-04,3763.99
2016-01-05,3771.57
2016-01-06,3723.44
2016-01-07,3635.29
2016-01-08,3595.91
2016-01-11,3598.97
2016-01-12,3627.06
2016-01-13,3536.92
2016-01-14,3596.03
2016-01-15,3518.51
2016-01-19,3520.4
2016-01-20,3479.75
2016-01-21,3497.94
2016-01-22,3568.9
2016-01-25,3513.11
2016-01-26,3562.81
2016-01-27,3524.33
2016-01-28,3544.13
2016-01-29,3631.96
2016-02-01,3630.46
2016-02-02,3562.52
2016-02-03,3581.53
2016-02-04,3587.71
2016-02-05,3521.6
2016-02-08,3472.08
2016-02-09,3470.5
2016-02-10,3471.04
2016-02-11,3428.99
2016-02-12,3496.28
2016-02-16,3555.2
2016-02-17,3614.16
2016-02-18,3597.49
2016-02-19,3597.92
2016-02-22,3649.92
2016-02-23,3604.68
2016-02-24,3620.87
2016-02-25,3662.84
2016-02-26,3656.42
2016-02-29,3627.06
2016-03-01,3713.7
2016-03-02,3729.59
2016-03-03,3743.02
2016-03-04,3755.47
2016-03-07,3759.05
2016-03-08,3717.49
2016-03-09,3736.92
2016-03-10,3737.74
2016-03-11,3800.07
2016-03-14,3795.53
2016-03-15,3788.62
2016-03-16,3810.09
2016-03-17,3835.26
2016-03-18,3852.15
2016-03-21,3855.97
2016-03-22,3853.18
2016-03-23,3828.58
2016-03-24,3827.14
2016-03-28,3829.26
2016-03-29,3863.8
2016-03-30,3881.01
2016-03-31,3873.11
2016-04-01,3897.66
2016-04-04,3886.0
2016-04-05,3846.59
2016-04-06,3888.41
2016-04-07,3841.98
2016-04-08,3852.72
2016-04-11,3842.17
2016-04-12,3879.42
2016-04-13,3918.95
2016-04-14,3920.03
2016-04-15,3916.17
2016-04-18,3941.86
2016-04-19,3954.01
2016-04-20,3957.25
2016-04-21,3936.8
2016-04-22,3937.0
2016-04-25,3929.88
2016-04-26,3937.23
2016-04-27,3944.02
2016-04-28,3907.88
2016-04-29,3888.13
2016-05-02,3918.53
2016-05-03,3884.63
2016-05-04,3862.4
2016-05-05,3862.4
2016-05-06,3875.18
2016-05-09,3878.14
2016-05-10,3926.63
2016-05-11,3891.13
2016-05-12,3890.85
2016-05-13,3858.17
2016-05-16,3896.36
2016-05-17,3860.88
2016-05-18,3862.25
2016-05-19,3847.97
2016-05-20,3871.75
2016-05-23,3863.82
2016-05-24,3916.77
2016-05-25,3944.33
2016-05-26,3944.05
2016-05-27,3961.67
2016-05-31,3957.95
2016-06-01,3963.1
2016-06-02,3974.76
2016-06-03,3963.23
2016-06-06,3982.74
2016-06-07,3987.96
2016-06-08,4001.98
2016-06-09,3995.28
2016-06-10,3958.68
2016-06-13,3927.73
2016-06-14,3920.93
2016-06-15,3914.02
2016-06-16,3926.93
2016-06-17,3914.15
2016-06-20,3936.91
2016-06-21,3947.94
2016-06-22,3941.45
2016-06-23,3994.18
2016-06-24,3850.7
2016-06-27,3781.02
2016-06-28,3849.05
2016-06-29,3915.1
2016-06-30,3968.21
2016-07-01,3976.68
2016-07-05,3949.72
2016-07-06,3972.26
2016-07-07,3969.19
2016-07-08,4029.75
2016-07-11,4043.49
2016-07-12,4071.85
2016-07-13,4072.77
2016-07-14,4094.28
2016-07-15,4090.49
2016-07-18,4100.4
2016-07-19,4094.61
2016-07-20,4112.61
2016-07-21,4097.82
2016-07-22,4116.5
2016-07-25,4104.13
2016-07-26,4105.57
2016-07-27,4100.81
2016-07-28,4107.75
2016-07-29,4114.51
2016-08-01,4109.28
2016-08-02,4083.25
2016-08-03,4097.3
2016-08-04,4099.21
2016-08-05,4134.56
2016-08-08,4131.19
2016-08-09,4132.96
2016-08-10,4122.65
2016-08-11,4142.72
2016-08-12,4139.63
2016-08-15,4151.69
2016-08-16,4129.68
2016-08-17,4138.42
2016-08-18,4147.64
2016-08-19,4142.23
2016-08-22,4139.97
2016-08-23,4148.16
2016-08-24,4126.65
2016-08-25,4121.09
2016-08-26,4114.68
2016-08-29,4136.75
2016-08-30,4129.34
2016-08-31,4120.29
2016-09-01,4120.17
2016-09-02,4137.7
2016-09-06,4150.11
2016-09-07,4150.51
2016-09-08,4141.46
2016-09-09,4039.95
2016-09-12,4099.47
2016-09-13,4039.92
2016-09-14,4037.83
2016-09-15,4079.32
2016-09-16,4063.97
2016-09-19,4063.94
2016-09-20,4065.2
2016-09-21,4109.63
2016-09-22,4136.41
2016-09-23,4112.69
2016-09-26,4077.71
2016-09-27,4104.18
2016-09-28,4126.83
2016-09-29,4088.47
2016-09-30,4121.06
2016-10-03,4108.13
2016-10-04,4088.17
2016-10-05,4107.4
2016-10-06,4109.49
2016-10-07,4096.25
2016-10-10,4115.12
2016-10-11,4063.92
2016-10-12,4068.92
2016-10-13,4056.45
2016-10-14,4057.28
2016-10-17,4045.07
2016-10-18,4069.99
2016-10-19,4079.5
2016-10-20,4074.18
2016-10-21,4073.85
2016-10-24,4093.22
2016-10-25,4077.8
2016-10-26,4070.76
2016-10-27,4058.75
2016-10-28,4046.36
2016-10-31,4045.89
2016-11-01,4018.47
2016-11-02,3992.76
2016-11-03,3976.56
2016-11-04,3970.02
2016-11-07,4058.3
2016-11-08,4075.61
2016-11-09,4121.03
2016-11-10,4129.46
2016-11-11,4123.69
2016-11-14,4123.81
2016-11-15,4155.62
2016-11-16,4150.21
2016-11-17,4169.87
2016-11-18,4160.58
2016-11-21,4191.68
2016-11-22,4200.95
2016-11-23,4204.49
2016-11-25,4221.02
2016-11-28,4199.39
2016-11-29,4205.99
2016-11-30,4195.73
2016-12-01,4181.15
2016-12-02,4182.81
2016-12-05,4207.57
2016-12-06,4222.04
2016-12-07,4278.44
2016-12-08,4288.1
2016-12-09,4313.61
2016-12-12,4308.94
2016-12-13,4337.86
2016-12-14,4302.93
2016-12-15,4319.84
2016-12-16,4312.4
2016-12-19,4321.02
2016-12-20,4337.36
2016-12-21,4326.85
2016-12-22,4319.33
2016-12-23,4325.17
2016-12-27,4334.93
2016-12-28,4299.45
2016-12-29,4298.39
2016-12-30,4278.66
2017-01-03,4315.08
2017-01-04,4340.75
2017-01-05,4337.45
2017-01-06,4354.05
2017-01-09,4338.62
2017-01-10,4338.64
2017-01-11,4351.32
2017-01-12,4342.09
2017-01-13,4350.11
2017-01-17,4337.2
2017-01-18,4345.57
2017-01-19,4329.96
2017-01-20,4344.67
2017-01-23,4333.1
2017-01-24,4361.56
2017-01-25,4396.57
2017-01-26,4393.43
2017-01-27,4389.85
2017-01-30,4363.67
2017-01-31,4359.81
2017-02-01,4362.1
2017-02-02,4364.85
2017-02-03,4396.95
2017-02-06,4387.67
2017-02-07,4388.87
2017-02-08,4393.31
2017-02-09,4419.4
2017-02-10,4435.42
2017-02-13,4459.83
2017-02-14,4478.98
2017-02-15,4501.99
2017-02-16,4498.56
2017-02-17,4506.2
2017-02-21,4533.46
2017-02-22,4528.97
2017-02-23,4531.39
2017-02-24,4539.25
2017-02-27,4544.51
2017-02-28,4532.93
2017-03-01,4595.73
2017-03-02,4569.17
2017-03-03,4571.6
2017-03-06,4556.72
2017-03-07,4543.75
2017-03-08,4534.68
2017-03-09,4538.36
2017-03-10,4553.28
2017-03-13,4556.44
2017-03-14,4541.26
2017-03-15,4579.44
2017-03-16,4572.16
2017-03-17,4566.17
2017-03-20,4557.12
2017-03-21,4500.98
2017-03-22,4509.65
2017-03-23,4504.92
2017-03-24,4501.11
2017-03-27,4496.53
2017-03-28,4529.17
2017-03-29,4535.01
2017-03-30,4548.46
2017-03-31,4538.21
2017-04-03,4530.98
2017-04-04,4534.25
2017-04-05,4520.86
2017-04-06,4530.93
2017-04-07,4527.2
2017-04-10,4530.57
2017-04-11,4524.71
2017-04-12,4507.76
2017-04-13,4477.07
2017-04-17,4515.65
2017-04-18,4502.66
2017-04-19,4495.56
2017-04-20,4529.65
2017-04-21,4515.9
2017-04-24,4564.93
2017-04-25,4592.74
2017-04-26,4590.56
2017-04-27,4593.57
2017-04-28,4584.82
2017-05-01,4592.78
2017-05-02,4598.24
2017-05-03,4593.32
2017-05-04,4596.24
2017-05-05,4615.09
2017-05-08,4615.73
2017-05-09,4611.21
2017-05-10,4618.19
2017-05-11,4609.69
2017-05-12,4602.96
2017-05-15,4625.51
2017-05-16,4623.26
2017-05-17,4540.58
2017-05-18,4557.41
2017-05-19,4588.35
2017-05-22,4612.12
2017-05-23,4620.7
2017-05-24,4632.37
2017-05-25,4653.59
2017-05-26,4655.65
2017-05-30,4650.76
2017-05-31,4649.34
2017-06-01,4685.11
2017-06-02,4702.56
2017-06-05,4697.0
2017-06-06,4683.96
2017-06-07,4692.29
2017-06-08,4693.67
2017-06-09,4689.79
2017-06-12,4685.54
2017-06-13,4707.88
2017-06-14,4703.53
2017-06-15,4693.86
2017-06-16,4695.23
2017-06-19,4734.48
2017-06-20,4702.82
2017-06-21,4700.5
2017-06-22,4698.4
2017-06-23,4705.73
2017-06-26,4707.27
2017-06-27,4669.27
2017-06-28,4711.33
2017-06-29,4670.96
2017-06-30,4678.36
2017-07-03,4689.61
2017-07-05,4697.34
2017-07-06,4655.02
2017-07-07,4684.88
2017-07-10,4689.25
2017-07-11,4685.64
2017-07-12,4720.28
2017-07-13,4729.25
2017-07-14,4751.43
2017-07-17,4751.33
2017-07-18,4754.27
2017-07-19,4780.25
2017-07-20,4779.84
2017-07-21,4778.07
2017-07-24,4773.1
2017-07-25,4787.04
2017-07-26,4788.41
2017-07-27,4784.26
2017-07-28,4778.02
2017-07-31,4774.56
2017-08-01,4786.27
2017-08-02,4789.54
2017-08-03,4779.99
2017-08-04,4789.11
2017-08-07,4797.13
2017-08-08,4786.12
2017-08-09,4784.94
2017-08-10,4717.4
2017-08-11,4723.73
2017-08-14,4771.43
2017-08-15,4770.15
2017-08-16,4778.28
2017-08-17,4704.73
2017-08-18,4696.22
2017-08-21,4701.82
2017-08-22,4748.73
2017-08-23,4732.76
2017-08-24,4723.03
2017-08-25,4731.46
2017-08-28,4733.97
2017-08-29,4738.62
2017-08-30,4761.72
2017-08-31,4789.18
2017-09-01,4798.99
2017-09-05,4762.75
2017-09-06,4777.69
2017-09-07,4777.93
2017-09-08,4771.02
2017-09-11,4822.8
2017-09-12,4839.31
2017-09-13,4843.04
2017-09-14,4839.29
2017-09-15,4848.84
2017-09-18,4856.08
2017-09-19,4861.52
2017-09-20,4864.61
2017-09-21,4849.95
2017-09-22,4853.2
2017-09-25,4842.41
2017-09-26,4843.14
2017-09-27,4862.93
2017-09-28,4869.81
2017-09-29,4887.97
2017-10-02,4906.92
2017-10-03,4917.73
2017-10-04,4924.19
2017-10-05,4952.85
2017-10-06,4949.09
2017-10-09,4940.16
2017-10-10,4951.77
2017-10-11,4960.79
2017-10-12,4952.85
2017-10-13,4957.27
2017-10-16,4966.05
2017-10-17,4969.38
2017-10-18,4973.28
2017-10-19,4975.32
2017-10-20,5001.11
2017-10-23,4981.37
2017-10-24,4989.56
2017-10-25,4966.29
2017-10-26,4972.6
2017-10-27,5012.75
2017-10-30,4997.15
2017-10-31,5002.03
2017-11-01,5009.99
2017-11-02,5011.48
2017-11-03,5027.49
2017-11-06,5034.3
2017-11-07,5033.38
2017-11-08,5040.74
2017-11-09,5023.01
2017-11-10,5020.31
2017-11-13,5025.36
2017-11-14,5014.53
2017-11-15,4987.96
2017-11-16,5030.48
2017-11-17,5017.45
2017-11-20,5024.01
2017-11-21,5056.95
2017-11-22,5053.6
2017-11-24,5064.23
2017-11-27,5062.85
2017-11-28,5112.91
2017-11-29,5111.68
2017-11-30,5155.44
2017-12-01,5145.21
2017-12-04,5139.91
2017-12-05,5120.92
2017-12-06,5120.46
2017-12-07,5136.37
2017-12-08,5165.19
2017-12-11,5181.75
2017-12-12,5189.96
2017-12-13,5187.68
2017-12-14,5167.45
2017-12-15,5214.1
2017-12-18,5242.28
2017-12-19,5225.43
2017-12-20,5221.79
2017-12-21,5232.16
2017-12-22,5229.79
2017-12-26,5224.51
2017-12-27,5229.01
2017-12-28,5239.59
2017-12-29,5212.76
2018-01-02,5256.28
2018-01-03,5289.92
2018-01-04,5312.33
2018-01-05,5349.69
2018-01-08,5358.68
2018-01-09,5367.26
2018-01-10,5361.33
2018-01-11,5399.46
2018-01-12,5435.92
2018-01-16,5416.86
2018-01-17,5467.85
2018-01-18,5459.5
2018-01-19,5483.57
2018-01-22,5527.89
2018-01-23,5540.13
2018-01-24,5537.03
2018-01-25,5540.38
2018-01-26,5606.08
2018-01-29,5568.67
2018-01-30,5508.36
2018-01-31,5511.21
2018-02-01,5508.7
2018-02-02,5392.21
2018-02-05,5171.26
2018-02-06,5262.02
2018-02-07,5235.84
2018-02-08,5040.06
2018-02-09,5116.99
2018-02-12,5188.37
2018-02-13,5202.22
2018-02-14,5273.43
2018-02-15,5338.35
2018-02-16,5340.82
2018-02-20,5309.99
2018-02-21,5280.91
2018-02-22,5286.5
2018-02-23,5371.56
2018-02-26,5435.38
2018-02-27,5367.09
2018-02-28,5308.09
2018-03-01,5238.18
2018-03-02,5265.24
2018-03-05,5323.36
2018-03-06,5337.69
2018-03-07,5335.47
2018-03-08,5360.73
2018-03-09,5454.03
2018-03-12,5447.1
2018-03-13,5412.75
2018-03-14,5383.27
2018-03-15,5379.39
2018-03-16,5388.74
2018-03-19,5312.23
2018-03-20,5320.2
2018-03-21,5310.96
2018-03-22,5177.52
2018-03-23,5069.03
2018-03-26,5206.69
2018-03-27,5116.75
2018-03-28,5102.69
2018-03-29,5173.19
2018-04-02,5057.69
2018-04-03,5121.7
2018-04-04,5181.31
2018-04-05,5217.62
2018-04-06,5103.35
2018-04-09,5121.9
2018-04-10,5207.73
2018-04-11,5179.19
2018-04-12,5222.55
2018-04-13,5207.57
2018-04-16,5249.94
2018-04-17,5305.9
2018-04-18,5310.32
2018-04-19,5280.57
2018-04-20,5235.75
2018-04-23,5236.04
2018-04-24,5166.1
2018-04-25,5175.59
2018-04-26,5229.61
2018-04-27,5235.73
2018-04-30,5193.04
2018-05-01,5206.31
2018-05-02,5168.79
2018-05-03,5157.7
2018-05-04,5224.71
2018-05-07,5242.87
2018-05-08,5241.53
2018-05-09,5292.9
2018-05-10,5343.7
2018-05-11,5354.69
2018-05-14,5359.66
2018-05-15,5323.23
2018-05-16,5346.33
2018-05-17,5343.29
2018-05-18,5329.66
2018-05-21,5369.19
2018-05-22,5352.45
2018-05-23,5369.99
2018-05-24,5359.32
2018-05-25,5347.31
2018-05-29,5285.7
2018-05-30,5353.76
2018-05-31,5318.1
2018-06-01,5376.29
2018-06-04,5400.5
2018-06-05,5404.62
2018-06-06,5451.09
2018-06-07,5448.18
2018-06-08,5465.42
2018-06-11,5471.29
2018-06-12,5481.07
2018-06-13,5459.21
2018-06-14,5474.37
2018-06-15,5469.37
2018-06-18,5457.83
2018-06-19,5436.13
2018-06-20,5445.43
2018-06-21,5411.4
2018-06-22,5421.63
2018-06-25,5347.23
2018-06-26,5359.01
2018-06-27,5312.89
2018-06-28,5346.44
2018-06-29,5350.83
2018-07-02,5367.49
2018-07-03,5340.93
2018-07-05,5388.28
2018-07-06,5434.36
2018-07-09,5483.89
2018-07-10,5503.05
2018-07-11,5464.01
2018-07-12,5512.36
2018-07-13,5518.33
2018-07-16,5512.92
2018-07-17,5534.91
2018-07-18,5546.86
2018-07-19,5525.51
2018-07-20,5520.5
2018-07-23,5530.66
2018-07-24,5557.37
2018-07-25,5607.99
2018-07-26,5590.99
2018-07-27,5554.31
2018-07-30,5522.81
2018-07-31,5549.96
2018-08-01,5544.19
2018-08-02,5572.08
2018-08-03,5598.71
2018-08-06,5619.05
2018-08-07,5634.98
2018-08-08,5633.67
2018-08-09,5627.0
2018-08-10,5588.66
2018-08-13,5566.36
2018-08-14,5602.41
2018-08-15,5560.85
2018-08-16,5606.56
2018-08-17,5625.66
2018-08-20,5639.53
2018-08-21,5651.39
2018-08-22,5649.31
2018-08-23,5640.1
2018-08-24,5675.12
2018-08-27,5719.3
2018-08-28,5720.89
2018-08-29,5754.0
2018-08-30,5729.45
2018-08-31,5730.8
2018-09-04,5721.86
2018-09-05,5705.86
2018-09-06,5686.7
2018-09-07,5674.58
2018-09-10,5685.34
2018-09-11,5706.99
2018-09-12,5709.08
2018-09-13,5740.75
2018-09-14,5743.19
2018-09-17,5711.29
2018-09-18,5742.18
2018-09-19,5749.39
2018-09-20,5794.72
2018-09-21,5792.72
2018-09-24,5772.36
2018-09-25,5765.25
2018-09-26,5746.27
2018-09-27,5763.22
2018-09-28,5763.42
2018-10-01,5784.45
2018-10-02,5782.37
2018-10-03,5786.48
2018-10-04,5740.56
2018-10-05,5708.9
2018-10-08,5706.66
2018-10-09,5700.23
2018-10-10,5512.94
2018-10-11,5399.54
2018-10-12,5476.83
2018-10-15,5444.61
2018-10-16,5561.8
2018-10-17,5560.62
2018-10-18,5481.13
2018-10-19,5479.3
2018-10-22,5455.88
2018-10-23,5426.08
2018-10-24,5258.61
2018-10-25,5356.54
2018-10-26,5263.74
2018-10-29,5229.28
2018-10-30,5311.67
2018-10-31,5369.49
2018-11-01,5426.33
2018-11-02,5392.53
2018-11-05,5422.88
2018-11-06,5457.25
2018-11-07,5573.06
2018-11-08,5562.0
2018-11-09,5511.79
2018-11-12,5403.19
2018-11-13,5395.37
2018-11-14,5355.94
2018-11-15,5414.43
2018-11-16,5426.86
2018-11-19,5336.7
2018-11-20,5240.23
2018-11-21,5256.61
2018-11-23,5222.43
2018-11-26,5304.17
2018-11-27,5321.52
2018-11-28,5444.12
2018-11-29,5433.49
2018-11-30,5478.91
2018-12-03,5538.86
2018-12-04,5359.91
2018-12-06,5353.43
2018-12-07,5229.44
2018-12-10,5238.7
2018-12-11,5237.1
2018-12-12,5265.53
2018-12-13,5265.46
2018-12-14,5165.6
2018-12-17,5058.58
2018-12-18,5059.34
2018-12-19,4981.92
2018-12-20,4903.46
2018-12-21,4802.51
2018-12-24,4672.66
2018-12-26,4904.49
2018-12-27,4946.94
2018-12-28,4941.61
2018-12-31,4984.22
2019-01-02,4990.56
2019-01-03,4868.3
2019-01-04,5035.45
2019-01-07,5070.76
2019-01-08,5120.04
2019-01-09,5142.66
2019-01-10,5165.89
2019-01-11,5165.15
2019-01-14,5138.58
2019-01-15,5193.78
2019-01-16,5205.45
2019-01-17,5245.48
2019-01-18,5314.78
2019-01-22,5239.75
2019-01-23,5251.29
2019-01-24,5258.69
2019-01-25,5303.51
2019-01-28,5261.88
2019-01-29,5254.31
2019-01-30,5336.6
2019-01-31,5383.63
2019-02-01,5389.19
2019-02-04,5425.8
2019-02-05,5451.4
2019-02-06,5439.8
2019-02-07,5389.69
2019-02-08,5395.12
2019-02-11,5399.0
2019-02-12,5468.98
2019-02-13,5485.97
2019-02-14,5473.33
2019-02-15,5533.27
2019-02-19,5541.98
2019-02-20,5552.9
2019-02-21,5533.8
2019-02-22,5569.45
2019-02-25,5577.09
2019-02-26,5572.74
2019-02-27,5570.57
2019-02-28,5556.49
2019-03-01,5595.11
2019-03-04,5573.53
2019-03-05,5567.4
2019-03-06,5531.34
2019-03-07,5487.56
2019-03-08,5476.39
2019-03-11,5556.77
2019-03-12,5573.44
2019-03-13,5612.56
2019-03-14,5609.59
2019-03-15,5637.77
2019-03-18,5658.73
2019-03-19,5658.15
2019-03-20,5641.74
2019-03-21,5703.28
2019-03-22,5595.5
2019-03-25,5591.23
2019-03-26,5631.39
2019-03-27,5605.32
2019-03-28,5626.32
2019-03-29,5664.46
2019-04-01,5730.04
2019-04-02,5730.35
2019-04-03,5742.67
2019-04-04,5755.96
2019-04-05,5782.7
2019-04-08,5788.86
2019-04-09,5755.49
2019-04-10,5775.99
2019-04-11,5776.28
2019-04-12,5815.04
2019-04-15,5811.51
2019-04-16,5814.46
2019-04-17,5801.83
2019-04-18,5811.13
2019-04-22,5817.16
2019-04-23,5868.88
2019-04-24,5856.03
2019-04-25,5853.87
2019-04-26,5881.48
2019-04-29,5888.05
2019-04-30,5893.81
2019-05-01,5849.65
2019-05-02,5837.46
2019-05-03,5894.3
2019-05-06,5868.45
2019-05-07,5771.59
2019-05-08,5762.48
2019-05-09,5747.08
2019-05-10,5770.44
2019-05-13,5631.41
2019-05-14,5677.2
2019-05-15,5711.49
2019-05-16,5763.95
2019-05-17,5730.89
2019-05-20,5692.3
2019-05-21,5740.81
2019-05-22,5724.71
2019-05-23,5657.1
2019-05-24,5665.6
2019-05-28,5618.18
2019-05-29,5579.51
2019-05-30,5591.97
2019-05-31,5519.27
2019-06-03,5504.05
2019-06-04,5622.31
2019-06-05,5668.89
2019-06-06,5705.22
2019-06-07,5765.66
2019-06-10,5792.56
2019-06-11,5790.83
2019-06-12,5779.12
2019-06-13,5804.53
2019-06-14,5795.96
2019-06-17,5801.4
2019-06-18,5857.95
2019-06-19,5875.45
2019-06-20,5931.66
2019-06-21,5924.54
2019-06-24,5914.29
2019-06-25,5858.13
2019-06-26,5850.9
2019-06-27,5874.15
2019-06-28,5908.25
2019-07-01,5953.63
2019-07-02,5971.29
2019-07-03,6018.54
2019-07-05,6008.31
2019-07-08,5979.34
2019-07-09,5988.48
2019-07-10,6015.56
2019-07-11,6029.33
2019-07-12,6057.77
2019-07-15,6058.83
2019-07-16,6038.4
2019-07-17,5999.05
2019-07-18,6021.15
2019-07-19,5984.2
2019-07-22,6001.28
2019-07-23,6042.48
2019-07-24,6071.05
2019-07-25,6039.13
2019-07-26,6083.82
2019-07-29,6074.01
2019-07-30,6058.96
2019-07-31,5993.17
2019-08-01,5939.83
2019-08-02,5897.1
2019-08-05,5721.8
2019-08-06,5796.72
2019-08-07,5801.32
2019-08-08,5911.66
2019-08-09,5873.47
2019-08-12,5804.25
2019-08-13,5890.16
2019-08-14,5719.3
2019-08-15,5734.49
2019-08-16,5818.17
2019-08-19,5888.93
2019-08-20,5842.76
2019-08-21,5891.19
2019-08-22,5888.37
2019-08-23,5735.63
2019-08-26,5799.34
2019-08-27,5780.79
2019-08-28,5818.84
2019-08-29,5893.65
2019-08-30,5898.23
2019-09-03,5857.95
2019-09-04,5921.96
2019-09-05,6000.38
2019-09-06,6006.07
2019-09-09,6005.99
2019-09-10,6008.12
2019-09-11,6051.87
2019-09-12,6070.23
2019-09-13,6067.5
2019-09-16,6048.67
2019-09-17,6064.31
2019-09-18,6066.42
2019-09-19,6066.9
2019-09-20,6037.5
2019-09-23,6036.9
2019-09-24,5986.58
2019-09-25,6023.46
2019-09-26,6009.19
2019-09-27,5978.11
2019-09-30,6008.59
2019-10-01,5935.2
2019-10-02,5828.93
2019-10-03,5876.86
2019-10-04,5960.43
2019-10-07,5933.76
2019-10-08,5841.57
2019-10-09,5896.6
2019-10-10,5934.56
2019-10-11,6000.04
2019-10-14,5991.72
2019-10-15,6051.39
2019-10-16,6039.69
2019-10-17,6056.84
2019-10-18,6033.26
2019-10-21,6074.9
2019-10-22,6053.42
2019-10-23,6070.87
2019-10-24,6082.54
2019-10-25,6107.42
2019-10-28,6141.51
2019-10-29,6136.47
2019-10-30,6156.93
2019-10-31,6138.73
2019-11-01,6198.59
2019-11-04,6221.63
2019-11-05,6214.28
2019-11-06,6219.1
2019-11-07,6238.99
2019-11-08,6256.11
2019-11-11,6243.81
2019-11-12,6253.91
2019-11-13,6258.58
2019-11-14,6265.42
2019-11-15,6314.74
2019-11-18,6318.02
2019-11-19,6314.66
2019-11-20,6292.17
2019-11-21,6282.59
2019-11-22,6296.34
2019-11-25,6344.36
2019-11-26,6358.46
2019-11-27,6385.76
2019-11-29,6361.56
2019-12-02,6306.88
2019-12-03,6265.22
2019-12-04,6305.49
2019-12-05,6316.69
2019-12-06,6374.7
2019-12-09,6355.07
2019-12-10,6348.31
2019-12-11,6366.84
2019-12-12,6422.35
2019-12-13,6423.93
2019-12-16,6470.03
2019-12-17,6472.24
2019-12-18,6470.0
2019-12-19,6499.26
2019-12-20,6531.75
2019-12-23,6537.4
2019-12-24,6536.58
2019-12-26,6570.71
2019-12-27,6571.03
2019-12-30,6533.91
2019-12-31,6553.57
